YearMonth,Distributor_Name,Zone,SBU,SPR7,SPR14,SPR21,MONTH_END
2024-01,AZHAGIRI SUPPLIERS,South,HOME CARE,5620.5599999999995,0.0,2375.26,12469.79
2024-01,AZHAGIRI SUPPLIERS,South,HOME ESSENTIALS,0.0,126.72,1666.09,3947.74
2024-01,AZHAGIRI SUPPLIERS,South,PERSONAL CARE,20623.05,35794.840000000004,79422.03999999998,34936.41
2024-01,BHARATHI DISTRIBUTORS,Central,HOME CARE,0.0,0.0,2776.0,19057.22
2024-01,BHARATHI DISTRIBUTORS,Central,HOME ESSENTIALS,780.86,2387.3500000000004,835.48,1855.6799999999998
2024-01,BHARATHI DISTRIBUTORS,Central,PERSONAL CARE,32485.229999999996,29130.510000000002,126016.73000000001,57671.42
2024-01,KAMATCHI TRADERS,West,HOME CARE,6879.9,0.0,953.09,39932.28
2024-01,KAMATCHI TRADERS,West,HOME ESSENTIALS,467.85,547.81,11087.86,1677.11
2024-01,KAMATCHI TRADERS,West,PERSONAL CARE,73850.09,41077.969999999994,57428.600000000006,86459.89000000001
2024-01,KAVITHA TRADERS,West,HOME CARE,0.0,0.0,7347.08,0.0
2024-01,KAVITHA TRADERS,West,HOME ESSENTIALS,3550.21,1812.44,6135.06,1241.6599999999999
2024-01,KAVITHA TRADERS,West,PERSONAL CARE,128000.73,34191.490000000005,17548.5,58104.53
2024-01,KURINJI AGENCIES,North,HOME CARE,0.0,3085.1,4858.32,12210.18
2024-01,KURINJI AGENCIES,North,HOME ESSENTIALS,139.88,4020.41,-2537.76,7830.15
2024-01,KURINJI AGENCIES,North,PERSONAL CARE,20004.59,62034.67,55762.19,98137.0
2024-01,MULLAI ENTERPRISES,North,HOME CARE,5766.84,3018.06,4563.469999999999,16810.4
2024-01,MULLAI ENTERPRISES,North,HOME ESSENTIALS,231.22,5441.33,0.0,3564.02
2024-01,MULLAI ENTERPRISES,North,PERSONAL CARE,10528.859999999999,27581.89,10784.980000000001,28025.05
2024-01,MUTHTHU MARKETING,South,HOME CARE,0.0,2919.57,24233.19,-1311.98
2024-01,MUTHTHU MARKETING,South,HOME ESSENTIALS,502.18,1365.23,3209.6,17186.149999999998
2024-01,MUTHTHU MARKETING,South,PERSONAL CARE,46942.76,68359.46,45113.049999999996,113982.92000000001
2024-01,PANDIYAN DISTRIBUTORS,West,HOME CARE,1408.58,26882.86,1756.48,4877.02
2024-01,PANDIYAN DISTRIBUTORS,West,HOME ESSENTIALS,416.66,0.0,1965.45,7380.929999999999
2024-01,PANDIYAN DISTRIBUTORS,West,PERSONAL CARE,39802.17999999999,64046.25,28064.72,134255.81999999998
2024-01,PONNI WHOLESALE,West,HOME CARE,18604.08,13341.55,2741.0,26283.67
2024-01,PONNI WHOLESALE,West,HOME ESSENTIALS,8478.2,95.98,3432.5600000000004,1429.77
2024-01,PONNI WHOLESALE,West,PERSONAL CARE,63451.53,55132.12,82447.32,56121.35999999999
2024-01,SELVARAJ AGENCIES,South,HOME CARE,0.0,6029.49,32296.67,8461.46
2024-01,SELVARAJ AGENCIES,South,HOME ESSENTIALS,932.76,1234.02,0.0,76.87
2024-01,SELVARAJ AGENCIES,South,PERSONAL CARE,85853.38,40156.83,29554.849999999995,82094.44
2024-01,SENTHOOR ENTERPRISES,Central,HOME CARE,2750.07,8579.970000000001,28374.9,42708.11
2024-01,SENTHOOR ENTERPRISES,Central,HOME ESSENTIALS,209.87,2925.48,1312.8,2463.6600000000003
2024-01,SENTHOOR ENTERPRISES,Central,PERSONAL CARE,38784.92,20194.82,60905.21,115406.48000000001
2024-01,THAMIZHAN MARKETING,South,HOME CARE,7552.859999999999,0.0,7536.21,21476.87
2024-01,THAMIZHAN MARKETING,South,HOME ESSENTIALS,2471.94,-192.63,8962.5,0.0
2024-01,THAMIZHAN MARKETING,South,PERSONAL CARE,33201.23,46268.549999999996,103578.18000000001,104059.69999999998
2024-01,THIRUMARAN AGENCIES,North,HOME CARE,2765.68,783.02,30800.38,32380.739999999998
2024-01,THIRUMARAN AGENCIES,North,HOME ESSENTIALS,99.12,0.0,143.42,2071.81
2024-01,THIRUMARAN AGENCIES,North,PERSONAL CARE,68030.8,33792.560000000005,43170.90000000001,73098.09999999999
2024-01,VASANTHAM TRADERS,South,HOME CARE,4377.45,9340.09,1963.08,1771.5
2024-01,VASANTHAM TRADERS,South,HOME ESSENTIALS,909.45,1381.79,8824.8,0.0
2024-01,VASANTHAM TRADERS,South,PERSONAL CARE,57208.10999999999,24433.229999999996,55469.7,60807.33
2024-01,VELAVAN AGENCIES,North,HOME CARE,2640.96,3371.06,1122.4,-3977.2
2024-01,VELAVAN AGENCIES,North,HOME ESSENTIALS,2957.96,1947.5699999999997,2680.3099999999995,3272.55
2024-01,VELAVAN AGENCIES,North,PERSONAL CARE,91073.94,31568.949999999997,28460.689999999995,47440.36
2024-02,AZHAGIRI SUPPLIERS,South,HOME CARE,7145.37,7815.4400000000005,11765.849999999999,2346.41
2024-02,AZHAGIRI SUPPLIERS,South,HOME ESSENTIALS,8853.18,2447.73,173.12,440.27
2024-02,AZHAGIRI SUPPLIERS,South,PERSONAL CARE,39906.97000000001,57883.24,49332.22,50317.67999999999
2024-02,BHARATHI DISTRIBUTORS,Central,HOME CARE,5628.05,0.0,2507.3,17362.32
2024-02,BHARATHI DISTRIBUTORS,Central,HOME ESSENTIALS,2305.93,1383.38,0.0,7105.51
2024-02,BHARATHI DISTRIBUTORS,Central,PERSONAL CARE,34774.28,54819.850000000006,67167.0,70336.78
2024-02,KAMATCHI TRADERS,West,HOME CARE,1838.06,8867.73,4964.639999999999,13059.19
2024-02,KAMATCHI TRADERS,West,HOME ESSENTIALS,-3588.41,11135.28,11305.0,0.0
2024-02,KAMATCHI TRADERS,West,PERSONAL CARE,120147.76999999999,105361.59,19654.339999999997,84749.16999999998
2024-02,KAVITHA TRADERS,West,HOME CARE,24265.3,7580.889999999999,1431.58,0.0
2024-02,KAVITHA TRADERS,West,HOME ESSENTIALS,444.19,0.0,3543.77,1312.3
2024-02,KAVITHA TRADERS,West,PERSONAL CARE,29014.78,35132.49,46240.78999999999,98729.44000000002
2024-02,KURINJI AGENCIES,North,HOME CARE,7076.39,7509.8,0.0,9532.52
2024-02,KURINJI AGENCIES,North,HOME ESSENTIALS,0.0,1279.25,789.76,2917.99
2024-02,KURINJI AGENCIES,North,PERSONAL CARE,30556.740000000005,121270.9,85955.28000000001,22843.160000000003
2024-02,MULLAI ENTERPRISES,North,HOME CARE,14477.9,0.0,3813.95,9245.38
2024-02,MULLAI ENTERPRISES,North,HOME ESSENTIALS,0.0,1951.4,2217.57,348.1
2024-02,MULLAI ENTERPRISES,North,PERSONAL CARE,40442.99,64286.68,4995.01,54450.88000000001
2024-02,MUTHTHU MARKETING,South,HOME CARE,20062.17,0.0,2466.03,23709.350000000002
2024-02,MUTHTHU MARKETING,South,HOME ESSENTIALS,5732.330000000001,10552.01,8854.76,2756.78
2024-02,MUTHTHU MARKETING,South,PERSONAL CARE,90023.14,111209.80000000002,125753.7,68510.3
2024-02,PANDIYAN DISTRIBUTORS,West,HOME CARE,923.84,14175.98,7359.530000000001,-4735.349999999999
2024-02,PANDIYAN DISTRIBUTORS,West,HOME ESSENTIALS,1057.99,1085.18,11662.07,585.92
2024-02,PANDIYAN DISTRIBUTORS,West,PERSONAL CARE,6324.990000000001,56437.59,24530.23,112084.85000000002
2024-02,PONNI WHOLESALE,West,HOME CARE,12124.969999999998,3970.33,13632.0,18713.059999999998
2024-02,PONNI WHOLESALE,West,HOME ESSENTIALS,74.9,2373.9400000000005,3301.9300000000003,1179.83
2024-02,PONNI WHOLESALE,West,PERSONAL CARE,26469.579999999998,27034.809999999998,98004.43,31954.54
2024-02,SELVARAJ AGENCIES,South,HOME CARE,0.0,-3917.2999999999997,0.0,0.0
2024-02,SELVARAJ AGENCIES,South,HOME ESSENTIALS,1488.03,652.0600000000001,6779.3,722.8
2024-02,SELVARAJ AGENCIES,South,PERSONAL CARE,61625.299999999996,46763.72,34451.479999999996,90499.57000000002
2024-02,SENTHOOR ENTERPRISES,Central,HOME CARE,2425.76,20615.56,5926.44,2349.35
2024-02,SENTHOOR ENTERPRISES,Central,HOME ESSENTIALS,5048.91,6749.17,0.0,510.89000000000004
2024-02,SENTHOOR ENTERPRISES,Central,PERSONAL CARE,55639.36,40298.28,40625.88,52451.76
2024-02,THAMIZHAN MARKETING,South,HOME CARE,6899.76,4377.98,21014.37,13975.63
2024-02,THAMIZHAN MARKETING,South,HOME ESSENTIALS,2865.6,6134.8,4898.12,1043.77
2024-02,THAMIZHAN MARKETING,South,PERSONAL CARE,34800.89,25822.67,34241.14,75443.17
2024-02,THIRUMARAN AGENCIES,North,HOME CARE,1176.76,0.0,5749.13,8833.97
2024-02,THIRUMARAN AGENCIES,North,HOME ESSENTIALS,0.0,3316.6600000000003,0.0,5341.099999999999
2024-02,THIRUMARAN AGENCIES,North,PERSONAL CARE,97202.58,17630.75,61062.66,82917.59
2024-02,VASANTHAM TRADERS,South,HOME CARE,15997.32,0.0,2319.0,0.0
2024-02,VASANTHAM TRADERS,South,HOME ESSENTIALS,466.76,3504.9700000000003,687.74,85.3
2024-02,VASANTHAM TRADERS,South,PERSONAL CARE,62917.16000000001,67974.67,77010.05999999998,26122.15
2024-02,VELAVAN AGENCIES,North,HOME CARE,26536.01,2953.16,11715.619999999999,8862.939999999999
2024-02,VELAVAN AGENCIES,North,HOME ESSENTIALS,1633.69,113.88,2674.92,8056.62
2024-02,VELAVAN AGENCIES,North,PERSONAL CARE,54835.46000000001,92860.37000000001,68114.56,121367.9
2024-03,AZHAGIRI SUPPLIERS,South,HOME CARE,1870.58,2702.23,1593.58,13613.5
2024-03,AZHAGIRI SUPPLIERS,South,HOME ESSENTIALS,193.09,2270.3,9115.49,1496.75
2024-03,AZHAGIRI SUPPLIERS,South,PERSONAL CARE,40919.38,48440.74,42202.07,127069.22000000002
2024-03,BHARATHI DISTRIBUTORS,Central,HOME CARE,0.0,-732.38,0.0,2591.05
2024-03,BHARATHI DISTRIBUTORS,Central,HOME ESSENTIALS,5105.88,2676.9300000000003,0.0,1232.25
2024-03,BHARATHI DISTRIBUTORS,Central,PERSONAL CARE,84607.23000000001,63096.86,85727.04000000001,39311.52
2024-03,KAMATCHI TRADERS,West,HOME CARE,1909.5,21369.37,8609.880000000001,19767.31
2024-03,KAMATCHI TRADERS,West,HOME ESSENTIALS,3853.5099999999998,6412.02,1447.44,2324.55
2024-03,KAMATCHI TRADERS,West,PERSONAL CARE,72402.31,38307.12,59547.34,161470.41
2024-03,KAVITHA TRADERS,West,HOME CARE,3224.57,855.28,29851.55,4178.55
2024-03,KAVITHA TRADERS,West,HOME ESSENTIALS,3184.59,132.61,825.35,2618.3199999999997
2024-03,KAVITHA TRADERS,West,PERSONAL CARE,65603.78,47737.020000000004,59551.62,85404.29
2024-03,KURINJI AGENCIES,North,HOME CARE,0.0,6642.7,0.0,4830.75
2024-03,KURINJI AGENCIES,North,HOME ESSENTIALS,167.7,541.0600000000001,189.5,8160.35
2024-03,KURINJI AGENCIES,North,PERSONAL CARE,25516.280000000002,40732.36,67451.85999999999,87899.91999999998
2024-03,MULLAI ENTERPRISES,North,HOME CARE,0.0,1485.6,0.0,21086.86
2024-03,MULLAI ENTERPRISES,North,HOME ESSENTIALS,3070.44,860.21,0.0,627.12
2024-03,MULLAI ENTERPRISES,North,PERSONAL CARE,52472.34,40951.52,52372.53,141456.62000000002
2024-03,MUTHTHU MARKETING,South,HOME CARE,22628.06,6896.09,9140.099999999999,39200.259999999995
2024-03,MUTHTHU MARKETING,South,HOME ESSENTIALS,4406.150000000001,6196.04,1167.93,2621.92
2024-03,MUTHTHU MARKETING,South,PERSONAL CARE,56987.06,39188.119999999995,108157.98,52172.41
2024-03,PANDIYAN DISTRIBUTORS,West,HOME CARE,2684.32,5811.98,1966.51,2293.92
2024-03,PANDIYAN DISTRIBUTORS,West,HOME ESSENTIALS,151.04,2154.3,554.6899999999999,11372.79
2024-03,PANDIYAN DISTRIBUTORS,West,PERSONAL CARE,66180.87000000001,68730.85999999999,49633.4,44426.31
2024-03,PONNI WHOLESALE,West,HOME CARE,4661.4,0.0,0.0,1879.64
2024-03,PONNI WHOLESALE,West,HOME ESSENTIALS,1751.02,10495.24,2150.11,8696.23
2024-03,PONNI WHOLESALE,West,PERSONAL CARE,41125.48,62949.369999999995,27658.32,102328.16
2024-03,SELVARAJ AGENCIES,South,HOME CARE,2055.37,22350.97,0.0,17357.0
2024-03,SELVARAJ AGENCIES,South,HOME ESSENTIALS,4282.410000000001,10730.0,0.0,715.05
2024-03,SELVARAJ AGENCIES,South,PERSONAL CARE,33733.64,21479.07,-2011.0700000000022,25216.530000000002
2024-03,SENTHOOR ENTERPRISES,Central,HOME CARE,0.0,1093.32,0.0,13789.55
2024-03,SENTHOOR ENTERPRISES,Central,HOME ESSENTIALS,0.0,3717.05,5930.8,4599.17
2024-03,SENTHOOR ENTERPRISES,Central,PERSONAL CARE,69993.98,89924.76000000001,48670.97,121921.55
2024-03,THAMIZHAN MARKETING,South,HOME CARE,5601.89,4488.05,4197.37,0.0
2024-03,THAMIZHAN MARKETING,South,HOME ESSENTIALS,93.87,728.64,3010.9300000000003,2547.95
2024-03,THAMIZHAN MARKETING,South,PERSONAL CARE,19536.67,54910.990000000005,101719.64,91082.61
2024-03,THIRUMARAN AGENCIES,North,HOME CARE,35687.25,5304.26,0.0,3141.23
2024-03,THIRUMARAN AGENCIES,North,HOME ESSENTIALS,5145.21,229.91,1905.65,724.72
2024-03,THIRUMARAN AGENCIES,North,PERSONAL CARE,121577.7,71505.45,94165.83,44527.93000000001
2024-03,VASANTHAM TRADERS,South,HOME CARE,5496.71,0.0,1319.25,1310.06
2024-03,VASANTHAM TRADERS,South,HOME ESSENTIALS,3570.0,1034.3899999999999,3498.3,0.0
2024-03,VASANTHAM TRADERS,South,PERSONAL CARE,12926.119999999999,60096.28,47695.59999999999,66536.01
2024-03,VELAVAN AGENCIES,North,HOME CARE,15597.900000000001,27662.29,6494.26,26019.15
2024-03,VELAVAN AGENCIES,North,HOME ESSENTIALS,178.86,4839.22,1390.42,1183.03
2024-03,VELAVAN AGENCIES,North,PERSONAL CARE,36623.57,4512.45,52422.34000000001,94462.61
2024-04,AZHAGIRI SUPPLIERS,South,HOME CARE,4816.15,2528.42,7499.58,1760.3
2024-04,AZHAGIRI SUPPLIERS,South,HOME ESSENTIALS,13247.229999999998,191.69,1792.37,1396.9
2024-04,AZHAGIRI SUPPLIERS,South,PERSONAL CARE,61356.74999999999,66620.26,52972.47,66387.7
2024-04,BHARATHI DISTRIBUTORS,Central,HOME CARE,8895.41,0.0,4042.45,0.0
2024-04,BHARATHI DISTRIBUTORS,Central,HOME ESSENTIALS,0.0,1773.5,0.0,727.04
2024-04,BHARATHI DISTRIBUTORS,Central,PERSONAL CARE,64776.060000000005,74811.06,42522.28,89173.81999999999
2024-04,KAMATCHI TRADERS,West,HOME CARE,2022.28,-9184.57,0.0,12975.64
2024-04,KAMATCHI TRADERS,West,HOME ESSENTIALS,281.54,3160.6800000000003,3166.5299999999997,882.6800000000001
2024-04,KAMATCHI TRADERS,West,PERSONAL CARE,137978.59000000003,71834.58000000002,27142.410000000003,88725.73999999999
2024-04,KAVITHA TRADERS,West,HOME CARE,0.0,0.0,3639.02,0.0
2024-04,KAVITHA TRADERS,West,HOME ESSENTIALS,1372.12,857.66,5207.43,4914.2300000000005
2024-04,KAVITHA TRADERS,West,PERSONAL CARE,32164.21,100032.49999999999,51221.13,96859.08
2024-04,KURINJI AGENCIES,North,HOME CARE,16546.6,0.0,5387.35,0.0
2024-04,KURINJI AGENCIES,North,HOME ESSENTIALS,6274.51,0.0,-2057.3399999999997,1811.72
2024-04,KURINJI AGENCIES,North,PERSONAL CARE,29041.0,39079.33,62528.130000000005,106767.33
2024-04,MULLAI ENTERPRISES,North,HOME CARE,4541.47,3361.53,707.89,5250.83
2024-04,MULLAI ENTERPRISES,North,HOME ESSENTIALS,0.0,138.73000000000002,551.0600000000001,7917.46
2024-04,MULLAI ENTERPRISES,North,PERSONAL CARE,18586.870000000003,90582.24,22297.559999999998,49646.79
2024-04,MUTHTHU MARKETING,South,HOME CARE,35930.42,17086.91,0.0,40732.270000000004
2024-04,MUTHTHU MARKETING,South,HOME ESSENTIALS,169.7,1584.49,936.36,0.0
2024-04,MUTHTHU MARKETING,South,PERSONAL CARE,111432.20000000001,131346.51,61531.17,43568.86
2024-04,PANDIYAN DISTRIBUTORS,West,HOME CARE,7882.16,29136.92,5216.43,0.0
2024-04,PANDIYAN DISTRIBUTORS,West,HOME ESSENTIALS,8819.3,493.84000000000003,136.08,5252.19
2024-04,PANDIYAN DISTRIBUTORS,West,PERSONAL CARE,64840.630000000005,11021.619999999999,83924.82,48334.899999999994
2024-04,PONNI WHOLESALE,West,HOME CARE,6800.51,0.0,18066.08,33077.73
2024-04,PONNI WHOLESALE,West,HOME ESSENTIALS,2945.24,299.0,7871.81,241.34000000000003
2024-04,PONNI WHOLESALE,West,PERSONAL CARE,83383.26999999999,36136.799999999996,40030.41,47807.34
2024-04,SELVARAJ AGENCIES,South,HOME CARE,933.4400000000003,3870.69,2284.93,11774.16
2024-04,SELVARAJ AGENCIES,South,HOME ESSENTIALS,-620.21,774.15,7144.189999999999,1291.8899999999999
2024-04,SELVARAJ AGENCIES,South,PERSONAL CARE,33534.19,36712.0,34571.63,19753.29
2024-04,SENTHOOR ENTERPRISES,Central,HOME CARE,9049.5,919.33,18034.41,3773.64
2024-04,SENTHOOR ENTERPRISES,Central,HOME ESSENTIALS,8131.35,6646.780000000001,0.0,4935.990000000001
2024-04,SENTHOOR ENTERPRISES,Central,PERSONAL CARE,27101.28,129590.07,10429.85,83067.91999999998
2024-04,THAMIZHAN MARKETING,South,HOME CARE,7810.96,2879.87,8807.89,10835.880000000001
2024-04,THAMIZHAN MARKETING,South,HOME ESSENTIALS,267.16,0.0,-1107.17,1030.43
2024-04,THAMIZHAN MARKETING,South,PERSONAL CARE,60288.05999999999,108314.49,102138.70999999999,37665.35
2024-04,THIRUMARAN AGENCIES,North,HOME CARE,0.0,0.0,0.0,1760.54
2024-04,THIRUMARAN AGENCIES,North,HOME ESSENTIALS,4324.2,1937.19,1166.33,1712.69
2024-04,THIRUMARAN AGENCIES,North,PERSONAL CARE,54801.99,28012.769999999997,60864.95999999999,99056.36
2024-04,VASANTHAM TRADERS,South,HOME CARE,4276.72,7632.21,0.0,28146.920000000002
2024-04,VASANTHAM TRADERS,South,HOME ESSENTIALS,1282.65,8770.01,926.34,4859.660000000001
2024-04,VASANTHAM TRADERS,South,PERSONAL CARE,15895.1,43223.58,60096.350000000006,49149.38
2024-04,VELAVAN AGENCIES,North,HOME CARE,0.0,-779.33,9626.09,2745.37
2024-04,VELAVAN AGENCIES,North,HOME ESSENTIALS,8815.779999999999,0.0,9452.130000000001,3598.6
2024-04,VELAVAN AGENCIES,North,PERSONAL CARE,89133.92000000001,145750.23,47901.560000000005,93703.30000000002
2024-05,AZHAGIRI SUPPLIERS,South,HOME CARE,6074.8099999999995,0.0,5146.68,0.0
2024-05,AZHAGIRI SUPPLIERS,South,HOME ESSENTIALS,0.0,144.84,2069.09,106.85
2024-05,AZHAGIRI SUPPLIERS,South,PERSONAL CARE,82355.98,54968.5,134728.08,106237.01
2024-05,BHARATHI DISTRIBUTORS,Central,HOME CARE,8171.93,0.0,0.0,1687.2
2024-05,BHARATHI DISTRIBUTORS,Central,HOME ESSENTIALS,720.09,4969.11,2010.8600000000001,637.27
2024-05,BHARATHI DISTRIBUTORS,Central,PERSONAL CARE,40985.5,22888.06,75748.15,72453.96999999999
2024-05,KAMATCHI TRADERS,West,HOME CARE,0.0,3639.14,12380.66,18660.16
2024-05,KAMATCHI TRADERS,West,HOME ESSENTIALS,10831.300000000001,0.0,1826.1100000000001,811.03
2024-05,KAMATCHI TRADERS,West,PERSONAL CARE,79652.84,52927.96,96927.79000000001,72287.51000000001
2024-05,KAVITHA TRADERS,West,HOME CARE,0.0,6273.139999999999,0.0,29681.17
2024-05,KAVITHA TRADERS,West,HOME ESSENTIALS,6215.0199999999995,816.22,1108.8,3124.1199999999994
2024-05,KAVITHA TRADERS,West,PERSONAL CARE,17335.05,71388.08,23813.18,92491.54000000001
2024-05,KURINJI AGENCIES,North,HOME CARE,22875.96,14590.6,0.0,0.0
2024-05,KURINJI AGENCIES,North,HOME ESSENTIALS,1274.46,9873.38,402.34,1055.99
2024-05,KURINJI AGENCIES,North,PERSONAL CARE,27351.86,39502.06,70356.74,74228.45999999999
2024-05,MULLAI ENTERPRISES,North,HOME CARE,0.0,19187.010000000002,1023.04,0.0
2024-05,MULLAI ENTERPRISES,North,HOME ESSENTIALS,0.0,0.0,1400.76,4179.45
2024-05,MULLAI ENTERPRISES,North,PERSONAL CARE,19338.08,24323.73,47461.869999999995,125262.44
2024-05,MUTHTHU MARKETING,South,HOME CARE,0.0,2425.91,0.0,22942.35
2024-05,MUTHTHU MARKETING,South,HOME ESSENTIALS,7075.59,347.28999999999996,178.24,5738.570000000001
2024-05,MUTHTHU MARKETING,South,PERSONAL CARE,61209.850000000006,83564.48,19667.21,60373.00999999999
2024-05,PANDIYAN DISTRIBUTORS,West,HOME CARE,5566.55,0.0,0.0,3408.99
2024-05,PANDIYAN DISTRIBUTORS,West,HOME ESSENTIALS,8273.33,7222.209999999999,0.0,12560.279999999999
2024-05,PANDIYAN DISTRIBUTORS,West,PERSONAL CARE,80536.67000000001,35916.88999999999,62476.36,89249.26999999999
2024-05,PONNI WHOLESALE,West,HOME CARE,29375.989999999998,0.0,0.0,13668.86
2024-05,PONNI WHOLESALE,West,HOME ESSENTIALS,1443.27,5603.110000000001,2419.33,2061.83
2024-05,PONNI WHOLESALE,West,PERSONAL CARE,76804.38,23298.29,36626.700000000004,52592.939999999995
2024-05,SELVARAJ AGENCIES,South,HOME CARE,12058.09,1067.5,0.0,0.0
2024-05,SELVARAJ AGENCIES,South,HOME ESSENTIALS,1511.95,1943.53,386.64,445.16
2024-05,SELVARAJ AGENCIES,South,PERSONAL CARE,51546.70999999999,64690.27,105956.61,23870.79
2024-05,SENTHOOR ENTERPRISES,Central,HOME CARE,21420.809999999998,0.0,22464.36,2296.71
2024-05,SENTHOOR ENTERPRISES,Central,HOME ESSENTIALS,476.67,414.31000000000006,15940.850000000002,3371.77
2024-05,SENTHOOR ENTERPRISES,Central,PERSONAL CARE,86098.34999999999,56682.799999999996,102601.05,92016.6
2024-05,THAMIZHAN MARKETING,South,HOME CARE,2718.77,0.0,28696.98,28059.12
2024-05,THAMIZHAN MARKETING,South,HOME ESSENTIALS,4083.84,354.87,1822.86,1628.55
2024-05,THAMIZHAN MARKETING,South,PERSONAL CARE,42211.17,51016.56,68291.73000000001,60642.969999999994
2024-05,THIRUMARAN AGENCIES,North,HOME CARE,13420.27,0.0,1610.61,18636.44
2024-05,THIRUMARAN AGENCIES,North,HOME ESSENTIALS,210.64,1062.34,71.91,10358.63
2024-05,THIRUMARAN AGENCIES,North,PERSONAL CARE,69118.89,67103.45999999999,73055.13,37218.63
2024-05,VASANTHAM TRADERS,South,HOME CARE,2096.95,0.0,28424.57,5176.55
2024-05,VASANTHAM TRADERS,South,HOME ESSENTIALS,633.06,5039.990000000001,569.72,1304.5300000000002
2024-05,VASANTHAM TRADERS,South,PERSONAL CARE,28921.24,35951.42,15692.150000000001,80754.75
2024-05,VELAVAN AGENCIES,North,HOME CARE,0.0,0.0,18202.54,1007.42
2024-05,VELAVAN AGENCIES,North,HOME ESSENTIALS,453.15,1063.1999999999998,556.85,10252.320000000002
2024-05,VELAVAN AGENCIES,North,PERSONAL CARE,45294.9,126696.73000000001,45776.04,87954.42
2024-06,AZHAGIRI SUPPLIERS,South,HOME CARE,3700.56,7666.610000000001,4473.15,23513.6
2024-06,AZHAGIRI SUPPLIERS,South,HOME ESSENTIALS,9262.55,1893.87,1404.54,1616.69
2024-06,AZHAGIRI SUPPLIERS,South,PERSONAL CARE,50601.76,32239.35,43897.47,29503.47
2024-06,BHARATHI DISTRIBUTORS,Central,HOME CARE,0.0,16606.41,6227.43,0.0
2024-06,BHARATHI DISTRIBUTORS,Central,HOME ESSENTIALS,-438.6700000000001,4355.16,10371.66,3451.62
2024-06,BHARATHI DISTRIBUTORS,Central,PERSONAL CARE,64534.28,25334.73,24247.13,43479.82
2024-06,KAMATCHI TRADERS,West,HOME CARE,18834.59,3207.86,-389.05999999999995,6633.67
2024-06,KAMATCHI TRADERS,West,HOME ESSENTIALS,3732.6,852.72,2356.38,238.08999999999997
2024-06,KAMATCHI TRADERS,West,PERSONAL CARE,36281.56,46813.31,45182.18000000001,71087.57
2024-06,KAVITHA TRADERS,West,HOME CARE,0.0,54707.27,3110.52,0.0
2024-06,KAVITHA TRADERS,West,HOME ESSENTIALS,760.5,4240.0,1116.44,596.4
2024-06,KAVITHA TRADERS,West,PERSONAL CARE,24288.81,49012.84,35498.66,48823.01
2024-06,KURINJI AGENCIES,North,HOME CARE,0.0,14495.5,8562.34,49132.61
2024-06,KURINJI AGENCIES,North,HOME ESSENTIALS,0.0,1101.44,303.76,381.65
2024-06,KURINJI AGENCIES,North,PERSONAL CARE,83127.37,9239.57,91369.81,80386.96
2024-06,MULLAI ENTERPRISES,North,HOME CARE,12753.77,3689.47,0.0,14432.42
2024-06,MULLAI ENTERPRISES,North,HOME ESSENTIALS,1404.9899999999998,13621.43,0.0,2312.7999999999997
2024-06,MULLAI ENTERPRISES,North,PERSONAL CARE,31384.739999999998,79727.25,18901.649999999998,81003.22
2024-06,MUTHTHU MARKETING,South,HOME CARE,5358.54,946.8700000000001,2734.92,653.18
2024-06,MUTHTHU MARKETING,South,HOME ESSENTIALS,2666.25,1698.8000000000002,583.21,4386.34
2024-06,MUTHTHU MARKETING,South,PERSONAL CARE,41978.719999999994,45792.170000000006,86592.79999999999,54428.18
2024-06,PANDIYAN DISTRIBUTORS,West,HOME CARE,4440.46,16986.49,23715.64,2806.4799999999996
2024-06,PANDIYAN DISTRIBUTORS,West,HOME ESSENTIALS,7109.3,5366.389999999999,0.0,175.68
2024-06,PANDIYAN DISTRIBUTORS,West,PERSONAL CARE,42723.25,78471.78,26768.93,78686.56999999999
2024-06,PONNI WHOLESALE,West,HOME CARE,0.0,22109.05,2100.45,28700.6
2024-06,PONNI WHOLESALE,West,HOME ESSENTIALS,1725.38,7816.39,1794.92,9979.769999999999
2024-06,PONNI WHOLESALE,West,PERSONAL CARE,22778.480000000003,55418.4,23284.100000000002,75414.16
2024-06,SELVARAJ AGENCIES,South,HOME CARE,0.0,13123.009999999998,1662.04,2778.43
2024-06,SELVARAJ AGENCIES,South,HOME ESSENTIALS,0.0,1178.44,195.62,10696.54
2024-06,SELVARAJ AGENCIES,South,PERSONAL CARE,47014.75,88446.62,24112.43,61741.42
2024-06,SENTHOOR ENTERPRISES,Central,HOME CARE,6390.4400000000005,0.0,26288.96,1475.14
2024-06,SENTHOOR ENTERPRISES,Central,HOME ESSENTIALS,0.0,5388.09,10371.76,4645.05
2024-06,SENTHOOR ENTERPRISES,Central,PERSONAL CARE,21122.13,167603.65000000002,60596.83,11758.58
2024-06,THAMIZHAN MARKETING,South,HOME CARE,2200.89,0.0,2248.32,29275.04
2024-06,THAMIZHAN MARKETING,South,HOME ESSENTIALS,772.49,3602.82,2653.31,18424.01
2024-06,THAMIZHAN MARKETING,South,PERSONAL CARE,31066.739999999994,112330.97,50266.829999999994,44234.47
2024-06,THIRUMARAN AGENCIES,North,HOME CARE,0.0,0.0,27533.72,0.0
2024-06,THIRUMARAN AGENCIES,North,HOME ESSENTIALS,1188.25,2592.8,6654.94,1999.33
2024-06,THIRUMARAN AGENCIES,North,PERSONAL CARE,46562.07,102922.83000000002,33438.75,51921.92
2024-06,VASANTHAM TRADERS,South,HOME CARE,10653.71,4573.98,0.0,0.0
2024-06,VASANTHAM TRADERS,South,HOME ESSENTIALS,9502.82,562.68,208.08,6904.3099999999995
2024-06,VASANTHAM TRADERS,South,PERSONAL CARE,45541.95000000001,36071.060000000005,64466.53,21590.19
2024-06,VELAVAN AGENCIES,North,HOME CARE,1907.25,4527.83,0.0,26058.079999999998
2024-06,VELAVAN AGENCIES,North,HOME ESSENTIALS,533.23,0.0,1094.42,159.03
2024-06,VELAVAN AGENCIES,North,PERSONAL CARE,103957.44000000002,57249.71,36636.4,51790.770000000004
2024-07,AZHAGIRI SUPPLIERS,South,HOME CARE,20206.7,14593.46,24458.68,6083.26
2024-07,AZHAGIRI SUPPLIERS,South,HOME ESSENTIALS,11904.150000000001,2661.86,1157.57,677.0
2024-07,AZHAGIRI SUPPLIERS,South,PERSONAL CARE,26105.1,14605.59,46203.93,51751.759999999995
2024-07,BHARATHI DISTRIBUTORS,Central,HOME CARE,0.0,9150.960000000001,0.0,0.0
2024-07,BHARATHI DISTRIBUTORS,Central,HOME ESSENTIALS,1778.77,899.87,976.08,9910.479999999998
2024-07,BHARATHI DISTRIBUTORS,Central,PERSONAL CARE,42279.87,29794.770000000004,12864.240000000002,40195.64
2024-07,KAMATCHI TRADERS,West,HOME CARE,3310.56,2067.66,5257.59,27459.4
2024-07,KAMATCHI TRADERS,West,HOME ESSENTIALS,3427.27,738.39,4698.6,3435.04
2024-07,KAMATCHI TRADERS,West,PERSONAL CARE,36523.43,32943.71,34327.71000000001,125605.88
2024-07,KAVITHA TRADERS,West,HOME CARE,2197.01,2920.38,4022.19,0.0
2024-07,KAVITHA TRADERS,West,HOME ESSENTIALS,9179.36,3851.2000000000003,442.32,1455.54
2024-07,KAVITHA TRADERS,West,PERSONAL CARE,24971.339999999997,42347.36,7531.95,40941.81
2024-07,KURINJI AGENCIES,North,HOME CARE,4897.29,0.0,2477.45,0.0
2024-07,KURINJI AGENCIES,North,HOME ESSENTIALS,4977.11,2514.06,3688.3599999999997,1675.53
2024-07,KURINJI AGENCIES,North,PERSONAL CARE,40268.48,19609.089999999997,23415.619999999995,8635.470000000001
2024-07,MULLAI ENTERPRISES,North,HOME CARE,4761.0,39039.469999999994,19383.7,0.0
2024-07,MULLAI ENTERPRISES,North,HOME ESSENTIALS,1750.3000000000002,0.0,11380.34,0.0
2024-07,MULLAI ENTERPRISES,North,PERSONAL CARE,36657.84,34441.76,66107.62,69363.15000000001
2024-07,MUTHTHU MARKETING,South,HOME CARE,800.01,25492.379999999997,0.0,0.0
2024-07,MUTHTHU MARKETING,South,HOME ESSENTIALS,1709.1100000000001,678.9399999999999,3991.6100000000006,1717.57
2024-07,MUTHTHU MARKETING,South,PERSONAL CARE,108316.10999999999,37093.23,39037.93,149323.28
2024-07,PANDIYAN DISTRIBUTORS,West,HOME CARE,17995.72,0.0,0.0,3572.87
2024-07,PANDIYAN DISTRIBUTORS,West,HOME ESSENTIALS,3918.94,1108.03,4638.39,1042.0
2024-07,PANDIYAN DISTRIBUTORS,West,PERSONAL CARE,50133.20999999999,73183.94999999998,18730.89,77802.07
2024-07,PONNI WHOLESALE,West,HOME CARE,23634.5,5264.89,3655.62,27234.11
2024-07,PONNI WHOLESALE,West,HOME ESSENTIALS,13731.720000000001,1800.95,340.72,633.1700000000001
2024-07,PONNI WHOLESALE,West,PERSONAL CARE,24246.72,5914.900000000001,72209.83,63350.29000000001
2024-07,SELVARAJ AGENCIES,South,HOME CARE,7027.96,1277.56,18643.96,1421.2
2024-07,SELVARAJ AGENCIES,South,HOME ESSENTIALS,2194.0499999999997,344.07,2885.79,130.09
2024-07,SELVARAJ AGENCIES,South,PERSONAL CARE,30365.25,22828.71,120622.4,49973.619999999995
2024-07,SENTHOOR ENTERPRISES,Central,HOME CARE,3092.7,3638.23,0.0,3518.8
2024-07,SENTHOOR ENTERPRISES,Central,HOME ESSENTIALS,1620.1399999999999,736.91,7776.71,8623.510000000002
2024-07,SENTHOOR ENTERPRISES,Central,PERSONAL CARE,92023.53,134687.86,63399.94,29655.67
2024-07,THAMIZHAN MARKETING,South,HOME CARE,0.0,3398.91,6787.6,11956.43
2024-07,THAMIZHAN MARKETING,South,HOME ESSENTIALS,689.3299999999999,272.42,5032.610000000001,7182.47
2024-07,THAMIZHAN MARKETING,South,PERSONAL CARE,26438.49,47617.03,14301.489999999998,100402.47
2024-07,THIRUMARAN AGENCIES,North,HOME CARE,22122.83,-915.2200000000003,0.0,5538.28
2024-07,THIRUMARAN AGENCIES,North,HOME ESSENTIALS,823.47,4281.82,72.78,7706.92
2024-07,THIRUMARAN AGENCIES,North,PERSONAL CARE,51405.060000000005,101316.55,51451.060000000005,62514.01999999999
2024-07,VASANTHAM TRADERS,South,HOME CARE,0.0,0.0,17276.219999999998,46942.600000000006
2024-07,VASANTHAM TRADERS,South,HOME ESSENTIALS,0.0,2309.52,501.13,17555.64
2024-07,VASANTHAM TRADERS,South,PERSONAL CARE,8408.31,13458.55,51113.95,34664.07
2024-07,VELAVAN AGENCIES,North,HOME CARE,29433.0,2410.25,3823.6400000000003,0.0
2024-07,VELAVAN AGENCIES,North,HOME ESSENTIALS,6583.0,0.0,-3218.8100000000004,8675.36
2024-07,VELAVAN AGENCIES,North,PERSONAL CARE,120991.09000000001,63852.69,82451.45,53295.5
2024-08,AZHAGIRI SUPPLIERS,South,HOME CARE,925.06,0.0,6903.09,1303.34
2024-08,AZHAGIRI SUPPLIERS,South,HOME ESSENTIALS,0.0,1162.1999999999998,5676.44,2282.22
2024-08,AZHAGIRI SUPPLIERS,South,PERSONAL CARE,86625.68000000001,36229.74,55703.13,136384.1
2024-08,BHARATHI DISTRIBUTORS,Central,HOME CARE,26055.83,0.0,15326.2,4631.17
2024-08,BHARATHI DISTRIBUTORS,Central,HOME ESSENTIALS,1922.8399999999997,0.0,3496.17,9717.18
2024-08,BHARATHI DISTRIBUTORS,Central,PERSONAL CARE,58548.91,58491.04000000001,16993.77,59664.44
2024-08,KAMATCHI TRADERS,West,HOME CARE,15794.47,22340.420000000002,0.0,32372.760000000002
2024-08,KAMATCHI TRADERS,West,HOME ESSENTIALS,1056.8600000000001,1570.92,111.23,9565.89
2024-08,KAMATCHI TRADERS,West,PERSONAL CARE,70061.25,21926.53,79885.20000000001,74828.7
2024-08,KAVITHA TRADERS,West,HOME CARE,3711.85,2347.79,0.0,3149.87
2024-08,KAVITHA TRADERS,West,HOME ESSENTIALS,7622.76,0.0,50.6,7342.15
2024-08,KAVITHA TRADERS,West,PERSONAL CARE,38017.7,24186.72,29465.19,61612.88999999999
2024-08,KURINJI AGENCIES,North,HOME CARE,40328.229999999996,11623.51,56159.84999999999,12154.869999999999
2024-08,KURINJI AGENCIES,North,HOME ESSENTIALS,686.4399999999999,2044.3000000000002,1749.71,2079.96
2024-08,KURINJI AGENCIES,North,PERSONAL CARE,75621.63,70821.79,39486.229999999996,96168.87000000001
2024-08,MULLAI ENTERPRISES,North,HOME CARE,12628.86,0.0,2203.71,14794.98
2024-08,MULLAI ENTERPRISES,North,HOME ESSENTIALS,1034.21,0.0,3591.26,3028.0799999999995
2024-08,MULLAI ENTERPRISES,North,PERSONAL CARE,58167.69,29555.29,77280.67,68108.09
2024-08,MUTHTHU MARKETING,South,HOME CARE,17071.96,1685.9,4070.91,14974.86
2024-08,MUTHTHU MARKETING,South,HOME ESSENTIALS,1259.0,1908.8700000000001,700.33,1717.98
2024-08,MUTHTHU MARKETING,South,PERSONAL CARE,56642.34,32582.499999999996,74116.31000000001,58036.16
2024-08,PANDIYAN DISTRIBUTORS,West,HOME CARE,0.0,23934.37,26449.48,16842.67
2024-08,PANDIYAN DISTRIBUTORS,West,HOME ESSENTIALS,0.0,468.07000000000005,1043.08,1529.55
2024-08,PANDIYAN DISTRIBUTORS,West,PERSONAL CARE,92931.84999999998,20966.230000000003,45119.829999999994,94996.87
2024-08,PONNI WHOLESALE,West,HOME CARE,8191.25,13530.269999999999,0.0,49120.94
2024-08,PONNI WHOLESALE,West,HOME ESSENTIALS,84.75,7775.780000000001,825.63,6343.629999999999
2024-08,PONNI WHOLESALE,West,PERSONAL CARE,82138.64,61407.030000000006,36755.32,44137.15
2024-08,SELVARAJ AGENCIES,South,HOME CARE,-1998.67,0.0,2654.82,29129.48
2024-08,SELVARAJ AGENCIES,South,HOME ESSENTIALS,1775.0,3104.36,1146.84,3809.75
2024-08,SELVARAJ AGENCIES,South,PERSONAL CARE,16529.04,15510.47,60917.07000000001,56289.5
2024-08,SENTHOOR ENTERPRISES,Central,HOME CARE,7432.34,6284.0599999999995,0.0,33515.36
2024-08,SENTHOOR ENTERPRISES,Central,HOME ESSENTIALS,1993.5100000000002,1017.99,10359.650000000001,4195.530000000001
2024-08,SENTHOOR ENTERPRISES,Central,PERSONAL CARE,79053.87,73054.72,141067.56000000003,134101.87000000002
2024-08,THAMIZHAN MARKETING,South,HOME CARE,0.0,2024.75,17750.27,25053.04
2024-08,THAMIZHAN MARKETING,South,HOME ESSENTIALS,367.87,1641.4,3892.0,2711.7200000000003
2024-08,THAMIZHAN MARKETING,South,PERSONAL CARE,44494.53,52774.47,93075.5,44217.97
2024-08,THIRUMARAN AGENCIES,North,HOME CARE,7226.77,0.0,-1324.24,0.0
2024-08,THIRUMARAN AGENCIES,North,HOME ESSENTIALS,2424.5299999999997,1327.72,691.89,942.2499999999999
2024-08,THIRUMARAN AGENCIES,North,PERSONAL CARE,102842.86000000002,70237.37,24726.350000000002,86610.5
2024-08,VASANTHAM TRADERS,South,HOME CARE,2256.58,-4895.46,0.0,13219.830000000002
2024-08,VASANTHAM TRADERS,South,HOME ESSENTIALS,2961.59,4602.26,6306.089999999999,1587.66
2024-08,VASANTHAM TRADERS,South,PERSONAL CARE,44921.61,42200.51,91342.53,46840.299999999996
2024-08,VELAVAN AGENCIES,North,HOME CARE,3614.82,0.0,29801.219999999998,44082.7
2024-08,VELAVAN AGENCIES,North,HOME ESSENTIALS,4954.35,1565.2,5900.5,5181.34
2024-08,VELAVAN AGENCIES,North,PERSONAL CARE,101341.23999999999,135280.40000000002,57834.69999999999,99557.70999999999
2024-09,AZHAGIRI SUPPLIERS,South,HOME CARE,11588.39,32422.4,0.0,4760.83
2024-09,AZHAGIRI SUPPLIERS,South,HOME ESSENTIALS,3295.75,6383.14,6717.469999999999,3798.5699999999997
2024-09,AZHAGIRI SUPPLIERS,South,PERSONAL CARE,67232.93000000001,9617.23,63499.23,90774.48
2024-09,BHARATHI DISTRIBUTORS,Central,HOME CARE,4342.68,1470.35,8589.099999999999,28762.41
2024-09,BHARATHI DISTRIBUTORS,Central,HOME ESSENTIALS,296.51,0.0,3286.8500000000004,9326.380000000001
2024-09,BHARATHI DISTRIBUTORS,Central,PERSONAL CARE,42260.850000000006,68173.62,13353.89,48959.83000000001
2024-09,KAMATCHI TRADERS,West,HOME CARE,9570.96,37614.14,0.0,6951.81
2024-09,KAMATCHI TRADERS,West,HOME ESSENTIALS,4819.49,86.22,1971.81,1269.93
2024-09,KAMATCHI TRADERS,West,PERSONAL CARE,89321.76,112564.07,63052.6,87809.92
2024-09,KAVITHA TRADERS,West,HOME CARE,9598.14,13283.02,5353.84,0.0
2024-09,KAVITHA TRADERS,West,HOME ESSENTIALS,981.7,5423.719999999999,475.79999999999995,0.0
2024-09,KAVITHA TRADERS,West,PERSONAL CARE,40052.5,68189.63,13513.92,140478.15000000002
2024-09,KURINJI AGENCIES,North,HOME CARE,1201.0,0.0,0.0,18975.13
2024-09,KURINJI AGENCIES,North,HOME ESSENTIALS,867.6200000000001,3033.41,294.76,436.03
2024-09,KURINJI AGENCIES,North,PERSONAL CARE,19825.45,68192.84,69241.73000000001,62186.71000000001
2024-09,MULLAI ENTERPRISES,North,HOME CARE,5403.14,32238.59,0.0,1477.11
2024-09,MULLAI ENTERPRISES,North,HOME ESSENTIALS,829.89,2278.0,2308.38,5428.97
2024-09,MULLAI ENTERPRISES,North,PERSONAL CARE,16930.92,13081.76,78400.0,90901.73999999999
2024-09,MUTHTHU MARKETING,South,HOME CARE,21779.99,0.0,1656.55,6590.27
2024-09,MUTHTHU MARKETING,South,HOME ESSENTIALS,1046.01,16963.06,906.25,26455.24
2024-09,MUTHTHU MARKETING,South,PERSONAL CARE,82763.67,207149.19,125371.06,74848.20000000001
2024-09,PANDIYAN DISTRIBUTORS,West,HOME CARE,34012.96,0.0,0.0,0.0
2024-09,PANDIYAN DISTRIBUTORS,West,HOME ESSENTIALS,1847.3700000000001,0.0,6639.21,1645.67
2024-09,PANDIYAN DISTRIBUTORS,West,PERSONAL CARE,85618.64000000001,133525.71999999997,34674.09,96472.82
2024-09,PONNI WHOLESALE,West,HOME CARE,0.0,40341.78,-2951.97,0.0
2024-09,PONNI WHOLESALE,West,HOME ESSENTIALS,2751.8199999999997,1431.83,1065.54,2583.4700000000003
2024-09,PONNI WHOLESALE,West,PERSONAL CARE,38082.61,4056.5800000000017,42169.93,76416.54999999999
2024-09,SELVARAJ AGENCIES,South,HOME ESSENTIALS,1410.62,1260.52,3649.5,786.23
2024-09,SELVARAJ AGENCIES,South,PERSONAL CARE,37021.6,58278.450000000004,93185.83000000002,80346.56
2024-09,SENTHOOR ENTERPRISES,Central,HOME CARE,0.0,6290.17,22044.08,38037.119999999995
2024-09,SENTHOOR ENTERPRISES,Central,HOME ESSENTIALS,5505.5,3355.82,18267.62,4603.04
2024-09,SENTHOOR ENTERPRISES,Central,PERSONAL CARE,40111.13,95786.59000000001,22300.030000000002,53898.200000000004
2024-09,THAMIZHAN MARKETING,South,HOME CARE,18648.120000000003,0.0,0.0,2249.26
2024-09,THAMIZHAN MARKETING,South,HOME ESSENTIALS,9818.93,475.56,1564.6699999999998,1828.22
2024-09,THAMIZHAN MARKETING,South,PERSONAL CARE,100826.26999999999,31333.75,55708.520000000004,64458.17
2024-09,THIRUMARAN AGENCIES,North,HOME CARE,3594.79,0.0,22420.229999999996,918.31
2024-09,THIRUMARAN AGENCIES,North,HOME ESSENTIALS,2861.62,918.13,1382.72,0.0
2024-09,THIRUMARAN AGENCIES,North,PERSONAL CARE,40851.530000000006,39594.9,71130.45999999999,27036.21
2024-09,VASANTHAM TRADERS,South,HOME CARE,0.0,4032.34,6435.17,9896.96
2024-09,VASANTHAM TRADERS,South,HOME ESSENTIALS,4341.49,2514.71,2944.67,3679.96
2024-09,VASANTHAM TRADERS,South,PERSONAL CARE,44976.52,30480.000000000004,19987.32,24434.53
2024-09,VELAVAN AGENCIES,North,HOME CARE,0.0,12067.509999999998,48501.119999999995,58709.34
2024-09,VELAVAN AGENCIES,North,HOME ESSENTIALS,1694.33,5030.8,3128.2599999999998,2624.5899999999997
2024-09,VELAVAN AGENCIES,North,PERSONAL CARE,21002.239999999998,122581.38,55738.25,125921.33
2024-10,AZHAGIRI SUPPLIERS,South,HOME CARE,0.0,7369.860000000001,0.0,3902.98
2024-10,AZHAGIRI SUPPLIERS,South,HOME ESSENTIALS,1649.58,0.0,1071.41,1291.5099999999998
2024-10,AZHAGIRI SUPPLIERS,South,PERSONAL CARE,55985.18,33878.159999999996,98126.88,83948.11
2024-10,BHARATHI DISTRIBUTORS,Central,HOME CARE,2986.77,6448.0,0.0,6203.5599999999995
2024-10,BHARATHI DISTRIBUTORS,Central,HOME ESSENTIALS,391.95,4272.76,0.0,3337.98
2024-10,BHARATHI DISTRIBUTORS,Central,PERSONAL CARE,13209.030000000002,21363.96,47110.53,75963.51
2024-10,KAMATCHI TRADERS,West,HOME CARE,6176.18,3907.3,1402.37,39365.69
2024-10,KAMATCHI TRADERS,West,HOME ESSENTIALS,883.0,4257.11,339.61,4540.3
2024-10,KAMATCHI TRADERS,West,PERSONAL CARE,49320.649999999994,79990.63999999998,125905.79000000001,49742.96
2024-10,KAVITHA TRADERS,West,HOME CARE,13289.369999999999,19428.38,0.0,25434.239999999998
2024-10,KAVITHA TRADERS,West,HOME ESSENTIALS,268.92,4673.7,5307.129999999999,253.91
2024-10,KAVITHA TRADERS,West,PERSONAL CARE,42138.6,71670.21,40227.020000000004,76246.62
2024-10,KURINJI AGENCIES,North,HOME CARE,0.0,2466.46,0.0,15019.050000000001
2024-10,KURINJI AGENCIES,North,HOME ESSENTIALS,1726.85,10340.89,651.94,1408.55
2024-10,KURINJI AGENCIES,North,PERSONAL CARE,21894.33,26146.820000000003,32423.24,139813.31
2024-10,MULLAI ENTERPRISES,North,HOME CARE,0.0,0.0,0.0,3461.3
2024-10,MULLAI ENTERPRISES,North,HOME ESSENTIALS,0.0,203.49,1700.4500000000003,-673.5200000000001
2024-10,MULLAI ENTERPRISES,North,PERSONAL CARE,93962.82,35924.26,44045.14,138223.16
2024-10,MUTHTHU MARKETING,South,HOME CARE,12944.27,8363.63,22088.010000000002,34791.29
2024-10,MUTHTHU MARKETING,South,HOME ESSENTIALS,1582.94,15179.07,2564.4399999999996,8728.87
2024-10,MUTHTHU MARKETING,South,PERSONAL CARE,69541.72,122366.05,75341.62000000001,95815.58
2024-10,PANDIYAN DISTRIBUTORS,West,HOME CARE,3074.75,27562.260000000002,21425.56,5030.26
2024-10,PANDIYAN DISTRIBUTORS,West,HOME ESSENTIALS,1456.56,5544.13,9866.13,3948.9399999999996
2024-10,PANDIYAN DISTRIBUTORS,West,PERSONAL CARE,6650.86,92074.78000000001,39969.67,158072.48
2024-10,PONNI WHOLESALE,West,HOME CARE,0.0,26411.46,19732.94,35341.65
2024-10,PONNI WHOLESALE,West,HOME ESSENTIALS,235.4,199.1,6803.9000000000015,253.75
2024-10,PONNI WHOLESALE,West,PERSONAL CARE,40305.68000000001,23736.48,21397.93,148030.92
2024-10,SELVARAJ AGENCIES,South,HOME CARE,1899.95,14918.26,0.0,56728.42999999999
2024-10,SELVARAJ AGENCIES,South,HOME ESSENTIALS,4156.610000000001,1297.67,1527.48,12415.03
2024-10,SELVARAJ AGENCIES,South,PERSONAL CARE,34023.04,62441.69000000001,16249.769999999999,46120.700000000004
2024-10,SENTHOOR ENTERPRISES,Central,HOME CARE,9102.05,44823.53,0.0,1652.14
2024-10,SENTHOOR ENTERPRISES,Central,HOME ESSENTIALS,505.13,3610.3299999999995,1957.3600000000001,1319.54
2024-10,SENTHOOR ENTERPRISES,Central,PERSONAL CARE,137877.00000000003,105616.94,34434.04,74067.05
2024-10,THAMIZHAN MARKETING,South,HOME CARE,7386.18,0.0,3638.25,8391.52
2024-10,THAMIZHAN MARKETING,South,HOME ESSENTIALS,1602.22,1092.18,8239.99,7797.77
2024-10,THAMIZHAN MARKETING,South,PERSONAL CARE,103891.65000000001,1193.51,17806.760000000002,90066.00999999998
2024-10,THIRUMARAN AGENCIES,North,HOME CARE,0.0,28017.27,4451.47,-1818.3
2024-10,THIRUMARAN AGENCIES,North,HOME ESSENTIALS,1893.3700000000001,2246.25,1398.37,1873.01
2024-10,THIRUMARAN AGENCIES,North,PERSONAL CARE,18115.68,31690.26,44539.619999999995,109182.51
2024-10,VASANTHAM TRADERS,South,HOME CARE,16108.05,0.0,0.0,25914.65
2024-10,VASANTHAM TRADERS,South,HOME ESSENTIALS,1483.73,1760.6,2418.17,5516.299999999999
2024-10,VASANTHAM TRADERS,South,PERSONAL CARE,24416.079999999998,20984.88,21961.17,29489.370000000003
2024-10,VELAVAN AGENCIES,North,HOME CARE,44616.54,0.0,10440.640000000001,12644.95
2024-10,VELAVAN AGENCIES,North,HOME ESSENTIALS,321.35,4688.4400000000005,0.0,438.10999999999996
2024-10,VELAVAN AGENCIES,North,PERSONAL CARE,45923.409999999996,40742.32,53849.15,104505.44999999998
2024-11,AZHAGIRI SUPPLIERS,South,HOME CARE,0.0,10710.3,2663.91,4892.63
2024-11,AZHAGIRI SUPPLIERS,South,HOME ESSENTIALS,1210.36,92.64,103.54,4214.990000000001
2024-11,AZHAGIRI SUPPLIERS,South,PERSONAL CARE,127953.26,152751.02,72528.37,37327.7
2024-11,BHARATHI DISTRIBUTORS,Central,HOME CARE,0.0,9616.87,0.0,2091.6
2024-11,BHARATHI DISTRIBUTORS,Central,HOME ESSENTIALS,1179.84,1710.29,0.0,582.02
2024-11,BHARATHI DISTRIBUTORS,Central,PERSONAL CARE,15926.580000000002,15861.0,9968.99,108349.96
2024-11,KAMATCHI TRADERS,West,HOME CARE,13437.19,10263.279999999999,16020.06,25550.72
2024-11,KAMATCHI TRADERS,West,HOME ESSENTIALS,507.95,5647.4,93.91,2018.27
2024-11,KAMATCHI TRADERS,West,PERSONAL CARE,83556.7,130200.88999999998,141464.98,88125.48999999999
2024-11,KAVITHA TRADERS,West,HOME CARE,0.0,0.0,5226.26,6365.22
2024-11,KAVITHA TRADERS,West,HOME ESSENTIALS,6514.56,2675.54,6565.539999999999,1540.62
2024-11,KAVITHA TRADERS,West,PERSONAL CARE,17319.309999999998,41764.91,96589.76,115409.43
2024-11,KURINJI AGENCIES,North,HOME CARE,6517.73,4672.66,11429.29,27684.23
2024-11,KURINJI AGENCIES,North,HOME ESSENTIALS,119.78,5725.33,1329.77,3552.5
2024-11,KURINJI AGENCIES,North,PERSONAL CARE,34717.7,45726.350000000006,54870.41999999999,62554.32
2024-11,MULLAI ENTERPRISES,North,HOME CARE,0.0,2406.75,0.0,5843.76
2024-11,MULLAI ENTERPRISES,North,HOME ESSENTIALS,541.29,0.0,438.44,1287.1399999999999
2024-11,MULLAI ENTERPRISES,North,PERSONAL CARE,60135.72000000001,50517.71,74292.95,148351.96000000002
2024-11,MUTHTHU MARKETING,South,HOME CARE,26128.940000000002,6355.87,4555.3099999999995,1101.79
2024-11,MUTHTHU MARKETING,South,HOME ESSENTIALS,2076.2700000000004,0.0,1703.92,9162.0
2024-11,MUTHTHU MARKETING,South,PERSONAL CARE,84352.72,64351.40999999999,43162.350000000006,102396.62
2024-11,PANDIYAN DISTRIBUTORS,West,HOME CARE,0.0,0.0,14753.689999999999,7470.54
2024-11,PANDIYAN DISTRIBUTORS,West,HOME ESSENTIALS,4402.07,9827.41,151.12,1001.46
2024-11,PANDIYAN DISTRIBUTORS,West,PERSONAL CARE,66202.56000000001,134743.68000000002,5555.780000000001,64517.77
2024-11,PONNI WHOLESALE,West,HOME CARE,37752.8,9004.32,0.0,6458.08
2024-11,PONNI WHOLESALE,West,HOME ESSENTIALS,323.32,3819.76,1657.9,4617.84
2024-11,PONNI WHOLESALE,West,PERSONAL CARE,88933.17000000001,36040.07,41957.97,97189.2
2024-11,SELVARAJ AGENCIES,South,HOME CARE,0.0,4150.42,0.0,31801.91
2024-11,SELVARAJ AGENCIES,South,HOME ESSENTIALS,3513.5499999999993,1317.5300000000002,473.48,3275.99
2024-11,SELVARAJ AGENCIES,South,PERSONAL CARE,28402.879999999997,33147.74,62982.13,58457.97
2024-11,SENTHOOR ENTERPRISES,Central,HOME CARE,6019.6,0.0,44014.86,3794.7999999999997
2024-11,SENTHOOR ENTERPRISES,Central,HOME ESSENTIALS,1409.0800000000002,2181.7599999999998,1480.2,5645.4400000000005
2024-11,SENTHOOR ENTERPRISES,Central,PERSONAL CARE,75973.83,117237.87000000001,67410.27,117522.35999999999
2024-11,THAMIZHAN MARKETING,South,HOME CARE,8056.389999999999,2863.85,9218.66,2048.11
2024-11,THAMIZHAN MARKETING,South,HOME ESSENTIALS,566.01,2224.35,6895.130000000001,6706.779999999999
2024-11,THAMIZHAN MARKETING,South,PERSONAL CARE,39715.329999999994,31111.11,41555.07000000001,71201.37
2024-11,THIRUMARAN AGENCIES,North,HOME CARE,0.0,0.0,2924.82,63239.54000000001
2024-11,THIRUMARAN AGENCIES,North,HOME ESSENTIALS,7348.029999999999,1737.44,2985.0100000000007,5828.8899999999985
2024-11,THIRUMARAN AGENCIES,North,PERSONAL CARE,24693.010000000002,61939.49,30777.449999999997,82002.23
2024-11,VASANTHAM TRADERS,South,HOME CARE,2960.72,0.0,0.0,49575.969999999994
2024-11,VASANTHAM TRADERS,South,HOME ESSENTIALS,0.0,-640.03,1569.3,8939.23
2024-11,VASANTHAM TRADERS,South,PERSONAL CARE,34633.56999999999,55015.94,41720.71,123862.5
2024-11,VELAVAN AGENCIES,North,HOME CARE,4130.15,13842.310000000001,0.0,11102.36
2024-11,VELAVAN AGENCIES,North,HOME ESSENTIALS,4613.87,843.29,9207.56,3589.52
2024-11,VELAVAN AGENCIES,North,PERSONAL CARE,79398.66,73854.43,52622.020000000004,38139.95
2024-12,AZHAGIRI SUPPLIERS,South,HOME CARE,10732.18,15517.75,0.0,32079.5
2024-12,AZHAGIRI SUPPLIERS,South,HOME ESSENTIALS,6579.76,439.26,1514.6999999999998,4244.360000000001
2024-12,AZHAGIRI SUPPLIERS,South,PERSONAL CARE,44714.01,60895.659999999996,73256.73000000001,102287.59999999999
2024-12,BHARATHI DISTRIBUTORS,Central,HOME CARE,0.0,21021.899999999998,0.0,3468.15
2024-12,BHARATHI DISTRIBUTORS,Central,HOME ESSENTIALS,1026.14,0.0,1968.33,3835.1499999999996
2024-12,BHARATHI DISTRIBUTORS,Central,PERSONAL CARE,57925.700000000004,59092.91,41624.869999999995,102026.74999999999
2024-12,KAMATCHI TRADERS,West,HOME CARE,24993.02,-7436.290000000002,5130.54,31415.68
2024-12,KAMATCHI TRADERS,West,HOME ESSENTIALS,4047.84,1149.19,5336.79,4238.95
2024-12,KAMATCHI TRADERS,West,PERSONAL CARE,28197.860000000004,15670.31,34292.03,99179.23000000001
2024-12,KAVITHA TRADERS,West,HOME CARE,38592.01,10341.69,0.0,5772.0599999999995
2024-12,KAVITHA TRADERS,West,HOME ESSENTIALS,3664.5000000000005,12338.92,25488.520000000004,3769.94
2024-12,KAVITHA TRADERS,West,PERSONAL CARE,29448.05,24628.48,35818.479999999996,44358.64000000001
2024-12,KURINJI AGENCIES,North,HOME CARE,3073.99,5819.389999999999,0.0,15784.560000000001
2024-12,KURINJI AGENCIES,North,HOME ESSENTIALS,869.86,1974.95,1402.2,1452.47
2024-12,KURINJI AGENCIES,North,PERSONAL CARE,75139.78,29423.629999999997,19177.13,63197.47
2024-12,MULLAI ENTERPRISES,North,HOME CARE,3658.6,22455.4,24233.2,2814.96
2024-12,MULLAI ENTERPRISES,North,HOME ESSENTIALS,774.79,2581.19,12703.43,6528.599999999999
2024-12,MULLAI ENTERPRISES,North,PERSONAL CARE,56312.479999999996,41435.54,34473.11,125186.56999999999
2024-12,MUTHTHU MARKETING,South,HOME CARE,2690.11,3039.9,2558.33,28379.71
2024-12,MUTHTHU MARKETING,South,HOME ESSENTIALS,3009.0400000000004,3555.4100000000003,5500.3,1995.58
2024-12,MUTHTHU MARKETING,South,PERSONAL CARE,104653.06999999999,114623.16,44743.25,122765.47999999998
2024-12,PANDIYAN DISTRIBUTORS,West,HOME CARE,5083.44,18263.83,18861.13,18282.739999999998
2024-12,PANDIYAN DISTRIBUTORS,West,HOME ESSENTIALS,6678.32,3174.5000000000005,3889.6200000000003,2751.2
2024-12,PANDIYAN DISTRIBUTORS,West,PERSONAL CARE,45278.6,23231.82,102259.26999999999,81110.72
2024-12,PONNI WHOLESALE,West,HOME CARE,0.0,0.0,1749.31,2972.47
2024-12,PONNI WHOLESALE,West,HOME ESSENTIALS,2976.33,1091.59,5513.0,3336.63
2024-12,PONNI WHOLESALE,West,PERSONAL CARE,9210.290000000003,51161.82000000001,15794.41,112135.10999999999
2024-12,SELVARAJ AGENCIES,South,HOME CARE,48729.64,0.0,3258.39,4189.31
2024-12,SELVARAJ AGENCIES,South,HOME ESSENTIALS,1077.08,439.78,4573.400000000001,1769.3799999999999
2024-12,SELVARAJ AGENCIES,South,PERSONAL CARE,76249.09,32176.25,47656.05,84475.68
2024-12,SENTHOOR ENTERPRISES,Central,HOME CARE,7494.46,11267.23,29143.190000000002,10721.470000000001
2024-12,SENTHOOR ENTERPRISES,Central,HOME ESSENTIALS,4512.799999999999,4293.53,3928.5,8957.55
2024-12,SENTHOOR ENTERPRISES,Central,PERSONAL CARE,93749.11,37941.27,137325.07,48681.46
2024-12,THAMIZHAN MARKETING,South,HOME CARE,1478.66,0.0,20391.78,6424.41
2024-12,THAMIZHAN MARKETING,South,HOME ESSENTIALS,449.0,4250.67,0.0,2930.0
2024-12,THAMIZHAN MARKETING,South,PERSONAL CARE,107619.63000000002,48162.159999999996,47099.899999999994,79022.18
2024-12,THIRUMARAN AGENCIES,North,HOME CARE,3305.06,17666.11,6063.139999999999,25652.46
2024-12,THIRUMARAN AGENCIES,North,HOME ESSENTIALS,13728.579999999998,1126.71,9355.210000000001,0.0
2024-12,THIRUMARAN AGENCIES,North,PERSONAL CARE,83016.3,79198.05,104567.81999999999,71562.37
2024-12,VASANTHAM TRADERS,South,HOME CARE,0.0,1408.18,4093.47,14574.24
2024-12,VASANTHAM TRADERS,South,HOME ESSENTIALS,2216.22,1707.06,6388.6900000000005,127.38
2024-12,VASANTHAM TRADERS,South,PERSONAL CARE,38333.49,67583.44,53719.229999999996,28825.5
2024-12,VELAVAN AGENCIES,North,HOME CARE,38725.32,0.0,0.0,41353.46
2024-12,VELAVAN AGENCIES,North,HOME ESSENTIALS,966.19,13127.47,1125.52,6601.62
2024-12,VELAVAN AGENCIES,North,PERSONAL CARE,141865.84,52508.619999999995,69441.64,83069.87
2025-01,AZHAGIRI SUPPLIERS,South,HOME CARE,0.0,12484.92,2578.83,22195.85
2025-01,AZHAGIRI SUPPLIERS,South,HOME ESSENTIALS,270.79,1101.7,135.58,3825.68
2025-01,AZHAGIRI SUPPLIERS,South,PERSONAL CARE,28751.18,25230.2,103351.26,89685.07999999999
2025-01,BHARATHI DISTRIBUTORS,Central,HOME CARE,0.0,0.0,4248.64,33311.23
2025-01,BHARATHI DISTRIBUTORS,Central,HOME ESSENTIALS,1524.5800000000002,142.3,4560.54,299.20000000000005
2025-01,BHARATHI DISTRIBUTORS,Central,PERSONAL CARE,47482.090000000004,19552.27,18005.4,98308.74
2025-01,KAMATCHI TRADERS,West,HOME CARE,4435.98,35825.08,20143.15,0.0
2025-01,KAMATCHI TRADERS,West,HOME ESSENTIALS,657.74,2355.3900000000003,3479.91,10492.570000000002
2025-01,KAMATCHI TRADERS,West,PERSONAL CARE,77813.57999999999,118440.54000000001,135328.44999999998,99165.09
2025-01,KAVITHA TRADERS,West,HOME CARE,0.0,1917.91,5911.04,6259.25
2025-01,KAVITHA TRADERS,West,HOME ESSENTIALS,2042.76,523.97,1847.09,1083.08
2025-01,KAVITHA TRADERS,West,PERSONAL CARE,28833.25,50200.130000000005,49705.45999999999,38461.48
2025-01,KURINJI AGENCIES,North,HOME CARE,13824.59,0.0,0.0,6710.64
2025-01,KURINJI AGENCIES,North,HOME ESSENTIALS,0.0,746.5,5633.28,3961.2
2025-01,KURINJI AGENCIES,North,PERSONAL CARE,68042.2,76041.59,50167.07,40382.200000000004
2025-01,MULLAI ENTERPRISES,North,HOME CARE,11298.36,1729.38,8040.14,6379.18
2025-01,MULLAI ENTERPRISES,North,HOME ESSENTIALS,0.0,1537.75,6099.62,13416.109999999999
2025-01,MULLAI ENTERPRISES,North,PERSONAL CARE,17596.97,51322.270000000004,15779.04,49069.299999999996
2025-01,MUTHTHU MARKETING,South,HOME CARE,7786.1900000000005,26347.77,2482.33,0.0
2025-01,MUTHTHU MARKETING,South,HOME ESSENTIALS,-3576.65,6394.09,543.5,12023.18
2025-01,MUTHTHU MARKETING,South,PERSONAL CARE,105695.30999999998,81202.40999999999,25090.69,99932.21
2025-01,PANDIYAN DISTRIBUTORS,West,HOME CARE,0.0,3155.69,17404.13,0.0
2025-01,PANDIYAN DISTRIBUTORS,West,HOME ESSENTIALS,276.34,1082.82,12734.810000000001,1130.87
2025-01,PANDIYAN DISTRIBUTORS,West,PERSONAL CARE,147201.28,36013.38,54669.830000000016,29277.99
2025-01,PONNI WHOLESALE,West,HOME CARE,0.0,18455.16,5779.929999999999,6343.46
2025-01,PONNI WHOLESALE,West,HOME ESSENTIALS,2042.81,1422.36,1221.44,9022.05
2025-01,PONNI WHOLESALE,West,PERSONAL CARE,65524.61,42463.69,89548.75,111270.11
2025-01,SELVARAJ AGENCIES,South,HOME CARE,16845.63,0.0,3809.13,4379.86
2025-01,SELVARAJ AGENCIES,South,HOME ESSENTIALS,1640.62,6774.3099999999995,6575.83,2351.98
2025-01,SELVARAJ AGENCIES,South,PERSONAL CARE,18880.199999999997,20103.93,32948.28,39168.04
2025-01,SENTHOOR ENTERPRISES,Central,HOME CARE,23728.43,2593.69,2817.84,69319.23000000001
2025-01,SENTHOOR ENTERPRISES,Central,HOME ESSENTIALS,9418.98,9174.08,1991.98,7532.659999999999
2025-01,SENTHOOR ENTERPRISES,Central,PERSONAL CARE,63945.68,14249.439999999999,115253.83,138209.71999999997
2025-01,THAMIZHAN MARKETING,South,HOME CARE,1098.98,8331.79,0.0,19905.89
2025-01,THAMIZHAN MARKETING,South,HOME ESSENTIALS,2784.9700000000003,3956.1900000000005,0.0,1276.04
2025-01,THAMIZHAN MARKETING,South,PERSONAL CARE,44815.439999999995,46423.41,60727.479999999996,76567.81
2025-01,THIRUMARAN AGENCIES,North,HOME CARE,2779.87,0.0,26533.3,7675.199999999999
2025-01,THIRUMARAN AGENCIES,North,HOME ESSENTIALS,2071.88,918.01,0.0,2692.15
2025-01,THIRUMARAN AGENCIES,North,PERSONAL CARE,78938.24,64389.420000000006,35238.15,126580.2
2025-01,VASANTHAM TRADERS,South,HOME CARE,2597.27,0.0,17161.86,0.0
2025-01,VASANTHAM TRADERS,South,HOME ESSENTIALS,-2685.88,638.4300000000001,413.92,2206.3199999999997
2025-01,VASANTHAM TRADERS,South,PERSONAL CARE,54366.34,28737.010000000002,15871.55,104047.56000000001
2025-01,VELAVAN AGENCIES,North,HOME CARE,40551.619999999995,32210.940000000002,21075.16,31769.33
2025-01,VELAVAN AGENCIES,North,HOME ESSENTIALS,4963.0599999999995,170.6,1446.9,11213.84
2025-01,VELAVAN AGENCIES,North,PERSONAL CARE,116080.28,48560.39,117399.82,20311.989999999998
2025-02,AZHAGIRI SUPPLIERS,South,HOME CARE,9168.49,4854.68,0.0,13856.15
2025-02,AZHAGIRI SUPPLIERS,South,HOME ESSENTIALS,2751.07,1037.1200000000001,1959.01,674.64
2025-02,AZHAGIRI SUPPLIERS,South,PERSONAL CARE,69721.01999999999,36355.94,17275.04,13223.46
2025-02,BHARATHI DISTRIBUTORS,Central,HOME CARE,1651.5,0.0,0.0,7512.610000000001
2025-02,BHARATHI DISTRIBUTORS,Central,HOME ESSENTIALS,1160.1399999999999,131.71,84.67,2811.69
2025-02,BHARATHI DISTRIBUTORS,Central,PERSONAL CARE,29499.809999999998,24199.5,43376.05,52495.52
2025-02,KAMATCHI TRADERS,West,HOME CARE,3646.66,3765.4,2214.26,13682.3
2025-02,KAMATCHI TRADERS,West,HOME ESSENTIALS,176.89,1305.49,1354.45,241.06
2025-02,KAMATCHI TRADERS,West,PERSONAL CARE,79791.86000000002,48887.090000000004,55459.450000000004,106878.8
2025-02,KAVITHA TRADERS,West,HOME CARE,10263.07,0.0,0.0,10300.43
2025-02,KAVITHA TRADERS,West,HOME ESSENTIALS,199.68,1801.61,3239.84,6640.29
2025-02,KAVITHA TRADERS,West,PERSONAL CARE,149117.9,53696.21000000001,21167.940000000002,9209.84
2025-02,KURINJI AGENCIES,North,HOME CARE,0.0,4458.17,0.0,9789.39
2025-02,KURINJI AGENCIES,North,HOME ESSENTIALS,0.0,2764.1800000000003,0.0,1036.96
2025-02,KURINJI AGENCIES,North,PERSONAL CARE,88156.81999999999,70050.2,70556.48999999999,30945.670000000002
2025-02,MULLAI ENTERPRISES,North,HOME CARE,3960.67,4640.81,10167.45,0.0
2025-02,MULLAI ENTERPRISES,North,HOME ESSENTIALS,2746.9500000000003,9523.55,-57.02,6931.9800000000005
2025-02,MULLAI ENTERPRISES,North,PERSONAL CARE,51583.7,121004.38999999998,31803.550000000003,52133.719999999994
2025-02,MUTHTHU MARKETING,South,HOME CARE,3223.9,0.0,18377.61,35854.2
2025-02,MUTHTHU MARKETING,South,HOME ESSENTIALS,2333.5299999999997,4428.07,4288.41,5698.6
2025-02,MUTHTHU MARKETING,South,PERSONAL CARE,59286.85,34267.130000000005,77158.66,54874.07
2025-02,PANDIYAN DISTRIBUTORS,West,HOME CARE,27967.7,17090.95,0.0,4785.77
2025-02,PANDIYAN DISTRIBUTORS,West,HOME ESSENTIALS,943.33,636.16,0.0,-2471.0
2025-02,PANDIYAN DISTRIBUTORS,West,PERSONAL CARE,57943.950000000004,28591.21,68971.89,71236.24
2025-02,PONNI WHOLESALE,West,HOME CARE,13540.9,2689.76,26175.88,14223.54
2025-02,PONNI WHOLESALE,West,HOME ESSENTIALS,995.72,3364.38,10936.23,8473.91
2025-02,PONNI WHOLESALE,West,PERSONAL CARE,21119.09,60248.090000000004,18067.449999999997,58708.35
2025-02,SELVARAJ AGENCIES,South,HOME CARE,0.0,3533.92,2581.63,0.0
2025-02,SELVARAJ AGENCIES,South,HOME ESSENTIALS,1434.2399999999998,5620.83,1511.7399999999998,2894.2400000000002
2025-02,SELVARAJ AGENCIES,South,PERSONAL CARE,15917.490000000002,3376.7799999999997,17591.199999999997,81053.13
2025-02,SENTHOOR ENTERPRISES,Central,HOME CARE,0.0,0.0,36227.45,7807.68
2025-02,SENTHOOR ENTERPRISES,Central,HOME ESSENTIALS,5219.13,8746.04,2244.66,13676.210000000001
2025-02,SENTHOOR ENTERPRISES,Central,PERSONAL CARE,128038.35999999999,12184.18,56125.520000000004,68116.79999999999
2025-02,THAMIZHAN MARKETING,South,HOME CARE,0.0,10849.18,0.0,12442.630000000001
2025-02,THAMIZHAN MARKETING,South,HOME ESSENTIALS,2710.9799999999996,270.47,1461.3400000000001,10254.29
2025-02,THAMIZHAN MARKETING,South,PERSONAL CARE,18296.51,52487.74,86833.56,72223.11
2025-02,THIRUMARAN AGENCIES,North,HOME CARE,0.0,2061.55,0.0,6242.46
2025-02,THIRUMARAN AGENCIES,North,HOME ESSENTIALS,0.0,3270.63,0.0,9048.490000000002
2025-02,THIRUMARAN AGENCIES,North,PERSONAL CARE,39355.37,24395.48,97484.48000000001,26337.82
2025-02,VASANTHAM TRADERS,South,HOME CARE,1624.24,19303.29,13140.52,2387.97
2025-02,VASANTHAM TRADERS,South,HOME ESSENTIALS,-399.49,0.0,1063.06,2069.23
2025-02,VASANTHAM TRADERS,South,PERSONAL CARE,8665.67,73874.18,32226.53,42612.22
2025-02,VELAVAN AGENCIES,North,HOME CARE,3984.95,0.0,29135.870000000003,19440.14
2025-02,VELAVAN AGENCIES,North,HOME ESSENTIALS,1206.83,193.58999999999997,8641.13,6970.799999999999
2025-02,VELAVAN AGENCIES,North,PERSONAL CARE,2502.39,28070.210000000003,111035.02,139785.24
2025-03,AZHAGIRI SUPPLIERS,South,HOME CARE,0.0,15656.170000000002,0.0,4841.0
2025-03,AZHAGIRI SUPPLIERS,South,HOME ESSENTIALS,3692.41,594.98,583.73,285.94
2025-03,AZHAGIRI SUPPLIERS,South,PERSONAL CARE,52320.69,107891.86,176404.87000000005,65222.84
2025-03,BHARATHI DISTRIBUTORS,Central,HOME CARE,2784.06,17228.55,5006.910000000001,0.0
2025-03,BHARATHI DISTRIBUTORS,Central,HOME ESSENTIALS,131.65,736.02,2798.3,1359.19
2025-03,BHARATHI DISTRIBUTORS,Central,PERSONAL CARE,79429.6,42856.009999999995,14635.180000000002,34620.72
2025-03,KAMATCHI TRADERS,West,HOME CARE,3362.53,24044.4,14401.73,1669.68
2025-03,KAMATCHI TRADERS,West,HOME ESSENTIALS,5176.12,11627.93,2546.0200000000004,8525.93
2025-03,KAMATCHI TRADERS,West,PERSONAL CARE,114064.84000000001,65867.27,57112.20000000001,101652.43000000001
2025-03,KAVITHA TRADERS,West,HOME CARE,1839.82,1002.3299999999999,0.0,9045.94
2025-03,KAVITHA TRADERS,West,HOME ESSENTIALS,93.94,5600.02,3492.64,1535.7400000000002
2025-03,KAVITHA TRADERS,West,PERSONAL CARE,32648.14,71583.87,40091.420000000006,62879.73000000001
2025-03,KURINJI AGENCIES,North,HOME CARE,4414.08,3282.4,7886.9400000000005,22782.03
2025-03,KURINJI AGENCIES,North,HOME ESSENTIALS,938.8199999999999,2065.05,0.0,362.23
2025-03,KURINJI AGENCIES,North,PERSONAL CARE,61590.75,14094.810000000001,22132.829999999998,70305.11
2025-03,MULLAI ENTERPRISES,North,HOME CARE,48616.27,2938.62,2303.24,12207.76
2025-03,MULLAI ENTERPRISES,North,HOME ESSENTIALS,6705.35,1529.54,1772.1999999999998,2140.2200000000003
2025-03,MULLAI ENTERPRISES,North,PERSONAL CARE,10959.99,19095.57,40645.65,61164.33000000001
2025-03,MUTHTHU MARKETING,South,HOME CARE,26534.8,16894.22,3695.38,0.0
2025-03,MUTHTHU MARKETING,South,HOME ESSENTIALS,856.8,2243.45,5559.549999999999,848.3100000000001
2025-03,MUTHTHU MARKETING,South,PERSONAL CARE,85451.67,92868.05,88268.73000000001,48922.469999999994
2025-03,PANDIYAN DISTRIBUTORS,West,HOME CARE,4775.72,0.0,20902.16,5696.610000000001
2025-03,PANDIYAN DISTRIBUTORS,West,HOME ESSENTIALS,6279.639999999999,637.35,1597.93,6778.419999999999
2025-03,PANDIYAN DISTRIBUTORS,West,PERSONAL CARE,82653.1,93329.99,80123.68000000001,36333.42
2025-03,PONNI WHOLESALE,West,HOME CARE,3696.6,0.0,14546.3,27366.67
2025-03,PONNI WHOLESALE,West,HOME ESSENTIALS,11349.630000000001,3089.3399999999997,2741.79,2476.33
2025-03,PONNI WHOLESALE,West,PERSONAL CARE,50133.14,29104.49,19584.320000000003,106890.64
2025-03,SELVARAJ AGENCIES,South,HOME CARE,0.0,0.0,15974.21,2198.59
2025-03,SELVARAJ AGENCIES,South,HOME ESSENTIALS,0.0,5258.23,7576.82,1397.08
2025-03,SELVARAJ AGENCIES,South,PERSONAL CARE,43323.229999999996,24104.69,61995.08,111727.33000000002
2025-03,SENTHOOR ENTERPRISES,Central,HOME CARE,11278.900000000001,16522.269999999997,12695.51,2989.2
2025-03,SENTHOOR ENTERPRISES,Central,HOME ESSENTIALS,3360.6800000000003,249.96,8660.52,7285.58
2025-03,SENTHOOR ENTERPRISES,Central,PERSONAL CARE,45179.670000000006,164575.73,68127.15,94045.18
2025-03,THAMIZHAN MARKETING,South,HOME CARE,23679.420000000002,10631.9,2755.8900000000003,0.0
2025-03,THAMIZHAN MARKETING,South,HOME ESSENTIALS,2053.06,2516.11,704.18,6687.150000000001
2025-03,THAMIZHAN MARKETING,South,PERSONAL CARE,70834.18,50603.76,31353.040000000005,53906.64
2025-03,THIRUMARAN AGENCIES,North,HOME CARE,0.0,5137.63,5715.79,0.0
2025-03,THIRUMARAN AGENCIES,North,HOME ESSENTIALS,301.09,14481.44,0.0,3706.74
2025-03,THIRUMARAN AGENCIES,North,PERSONAL CARE,41865.37,59270.15,18292.350000000002,33802.32000000001
2025-03,VASANTHAM TRADERS,South,HOME CARE,0.0,5414.8,0.0,0.0
2025-03,VASANTHAM TRADERS,South,HOME ESSENTIALS,7079.87,0.0,826.58,1791.23
2025-03,VASANTHAM TRADERS,South,PERSONAL CARE,20424.81,29326.269999999997,45243.87,51026.12999999999
2025-03,VELAVAN AGENCIES,North,HOME CARE,24939.130000000005,10416.89,0.0,13977.800000000001
2025-03,VELAVAN AGENCIES,North,HOME ESSENTIALS,990.1899999999999,5262.4400000000005,696.92,2804.6499999999996
2025-03,VELAVAN AGENCIES,North,PERSONAL CARE,62540.92999999999,48171.560000000005,54218.13,105780.2
2025-04,AZHAGIRI SUPPLIERS,South,HOME CARE,733.81,5891.92,8216.52,0.0
2025-04,AZHAGIRI SUPPLIERS,South,HOME ESSENTIALS,2055.4,1469.15,4375.719999999999,424.02
2025-04,AZHAGIRI SUPPLIERS,South,PERSONAL CARE,48284.33,95689.35,20582.390000000003,135891.66999999998
2025-04,BHARATHI DISTRIBUTORS,Central,HOME CARE,0.0,7295.01,0.0,6712.55
2025-04,BHARATHI DISTRIBUTORS,Central,HOME ESSENTIALS,1229.68,10439.84,1175.73,3869.13
2025-04,BHARATHI DISTRIBUTORS,Central,PERSONAL CARE,22449.5,79231.63,36789.13,84831.96000000002
2025-04,KAMATCHI TRADERS,West,HOME CARE,9385.24,6709.55,9094.55,9385.73
2025-04,KAMATCHI TRADERS,West,HOME ESSENTIALS,1685.79,3957.0899999999997,8885.47,1386.04
2025-04,KAMATCHI TRADERS,West,PERSONAL CARE,39093.61,75302.70999999999,65635.54000000001,158970.6
2025-04,KAVITHA TRADERS,West,HOME CARE,12698.6,2416.18,3683.45,54156.479999999996
2025-04,KAVITHA TRADERS,West,HOME ESSENTIALS,1091.52,387.87,1622.94,5827.5
2025-04,KAVITHA TRADERS,West,PERSONAL CARE,37910.380000000005,71347.77,120780.84,77900.08
2025-04,KURINJI AGENCIES,North,HOME CARE,3122.47,0.0,1483.76,0.0
2025-04,KURINJI AGENCIES,North,HOME ESSENTIALS,526.08,6234.41,0.0,2130.45
2025-04,KURINJI AGENCIES,North,PERSONAL CARE,10814.25,34607.56,55341.46,55058.11
2025-04,MULLAI ENTERPRISES,North,HOME CARE,0.0,47777.49,0.0,0.0
2025-04,MULLAI ENTERPRISES,North,HOME ESSENTIALS,6357.46,2547.96,2469.34,3861.0899999999997
2025-04,MULLAI ENTERPRISES,North,PERSONAL CARE,35105.78,36217.26,31486.989999999998,93841.36
2025-04,MUTHTHU MARKETING,South,HOME CARE,3142.01,17422.81,4311.63,11171.18
2025-04,MUTHTHU MARKETING,South,HOME ESSENTIALS,11989.95,4367.3,1703.74,1270.78
2025-04,MUTHTHU MARKETING,South,PERSONAL CARE,32567.870000000003,73567.64000000001,92167.05,49132.43
2025-04,PANDIYAN DISTRIBUTORS,West,HOME CARE,12750.5,2538.07,0.0,14229.31
2025-04,PANDIYAN DISTRIBUTORS,West,HOME ESSENTIALS,0.0,-293.16999999999996,7756.54,6248.259999999999
2025-04,PANDIYAN DISTRIBUTORS,West,PERSONAL CARE,94857.04999999999,73515.6,75892.57999999999,66811.04
2025-04,PONNI WHOLESALE,West,HOME CARE,4449.92,4387.24,12579.88,5399.0
2025-04,PONNI WHOLESALE,West,HOME ESSENTIALS,2738.14,4401.83,997.99,1586.79
2025-04,PONNI WHOLESALE,West,PERSONAL CARE,52841.549999999996,52175.14,49501.119999999995,73256.05
2025-04,SELVARAJ AGENCIES,South,HOME CARE,23296.7,0.0,13788.76,6972.32
2025-04,SELVARAJ AGENCIES,South,HOME ESSENTIALS,292.87,152.58,-28.520000000000053,9072.57
2025-04,SELVARAJ AGENCIES,South,PERSONAL CARE,7815.460000000001,32051.14,46476.79,45587.29
2025-04,SENTHOOR ENTERPRISES,Central,HOME CARE,0.0,32628.42,0.0,49064.229999999996
2025-04,SENTHOOR ENTERPRISES,Central,HOME ESSENTIALS,843.99,3407.04,4164.65,1783.41
2025-04,SENTHOOR ENTERPRISES,Central,PERSONAL CARE,100349.75,50698.43,39465.86,75240.16000000002
2025-04,THAMIZHAN MARKETING,South,HOME CARE,0.0,5557.87,33153.94,-7302.0
2025-04,THAMIZHAN MARKETING,South,HOME ESSENTIALS,3287.87,1058.5700000000002,6184.5599999999995,3210.42
2025-04,THAMIZHAN MARKETING,South,PERSONAL CARE,57567.899999999994,87474.51000000001,59630.27999999999,30211.93
2025-04,THIRUMARAN AGENCIES,North,HOME CARE,4989.139999999999,16116.14,6786.45,19875.22
2025-04,THIRUMARAN AGENCIES,North,HOME ESSENTIALS,2659.42,1709.98,482.52,5141.58
2025-04,THIRUMARAN AGENCIES,North,PERSONAL CARE,42967.939999999995,90868.75,96080.27999999998,80624.79999999999
2025-04,VASANTHAM TRADERS,South,HOME CARE,5076.12,23167.27,27321.800000000003,2221.22
2025-04,VASANTHAM TRADERS,South,HOME ESSENTIALS,-510.43,3029.07,7687.87,1691.57
2025-04,VASANTHAM TRADERS,South,PERSONAL CARE,31217.66,99550.25,49474.3,67419.94
2025-04,VELAVAN AGENCIES,North,HOME CARE,4815.08,1227.32,35132.52,2274.62
2025-04,VELAVAN AGENCIES,North,HOME ESSENTIALS,8319.11,2024.08,3079.9300000000003,10803.34
2025-04,VELAVAN AGENCIES,North,PERSONAL CARE,26021.81,94989.63,78860.65,83362.48999999999
2025-05,AZHAGIRI SUPPLIERS,South,HOME CARE,3584.89,10470.06,-3688.52,1415.88
2025-05,AZHAGIRI SUPPLIERS,South,HOME ESSENTIALS,1152.79,9317.7,0.0,4822.75
2025-05,AZHAGIRI SUPPLIERS,South,PERSONAL CARE,83147.28,21638.76,43933.68,141025.43
2025-05,BHARATHI DISTRIBUTORS,Central,HOME CARE,15528.97,0.0,0.0,34649.36
2025-05,BHARATHI DISTRIBUTORS,Central,HOME ESSENTIALS,11284.46,618.6,547.11,1842.15
2025-05,BHARATHI DISTRIBUTORS,Central,PERSONAL CARE,19490.729999999996,70418.81999999999,6692.58,76564.5
2025-05,KAMATCHI TRADERS,West,HOME CARE,7477.380000000001,2644.64,3424.96,8988.85
2025-05,KAMATCHI TRADERS,West,HOME ESSENTIALS,12812.560000000001,5541.25,22543.23,8423.62
2025-05,KAMATCHI TRADERS,West,PERSONAL CARE,117137.12,70673.98000000001,62187.07000000001,76685.48000000001
2025-05,KAVITHA TRADERS,West,HOME CARE,2029.08,13038.46,3758.48,23901.36
2025-05,KAVITHA TRADERS,West,HOME ESSENTIALS,299.42999999999995,311.28,653.61,3795.69
2025-05,KAVITHA TRADERS,West,PERSONAL CARE,35882.6,40024.049999999996,33710.58,62762.1
2025-05,KURINJI AGENCIES,North,HOME CARE,2438.35,7932.959999999999,897.01,6167.68
2025-05,KURINJI AGENCIES,North,HOME ESSENTIALS,0.0,91.24,3733.02,648.96
2025-05,KURINJI AGENCIES,North,PERSONAL CARE,58976.43000000001,13333.28,73480.78,83984.54000000002
2025-05,MULLAI ENTERPRISES,North,HOME CARE,43824.47,2004.42,0.0,31391.61
2025-05,MULLAI ENTERPRISES,North,HOME ESSENTIALS,-149.24,11284.76,1236.9299999999998,6078.52
2025-05,MULLAI ENTERPRISES,North,PERSONAL CARE,73390.39000000001,58626.07,27533.63,56473.61
2025-05,MUTHTHU MARKETING,South,HOME CARE,2845.88,11002.12,22891.469999999998,25026.56
2025-05,MUTHTHU MARKETING,South,HOME ESSENTIALS,0.0,6132.760000000001,3042.5299999999997,3295.61
2025-05,MUTHTHU MARKETING,South,PERSONAL CARE,123745.89,103172.69,72400.16,140284.7
2025-05,PANDIYAN DISTRIBUTORS,West,HOME CARE,5248.19,4502.35,10837.29,1407.92
2025-05,PANDIYAN DISTRIBUTORS,West,HOME ESSENTIALS,2653.54,5510.93,1817.73,8186.11
2025-05,PANDIYAN DISTRIBUTORS,West,PERSONAL CARE,37712.32,88955.09,7695.9,120487.78
2025-05,PONNI WHOLESALE,West,HOME CARE,0.0,1906.06,14214.77,9441.89
2025-05,PONNI WHOLESALE,West,HOME ESSENTIALS,1564.58,2073.2000000000003,11728.64,4846.969999999999
2025-05,PONNI WHOLESALE,West,PERSONAL CARE,18887.800000000003,103902.57,80417.31,109861.67
2025-05,SELVARAJ AGENCIES,South,HOME CARE,8139.52,17038.95,17637.18,0.0
2025-05,SELVARAJ AGENCIES,South,HOME ESSENTIALS,509.03,76.86,11840.0,7094.09
2025-05,SELVARAJ AGENCIES,South,PERSONAL CARE,49788.11,38779.96,42222.810000000005,33716.22
2025-05,SENTHOOR ENTERPRISES,Central,HOME CARE,-501.5100000000002,1253.65,1012.12,1556.73
2025-05,SENTHOOR ENTERPRISES,Central,HOME ESSENTIALS,6311.68,3704.1000000000004,459.85999999999996,8505.65
2025-05,SENTHOOR ENTERPRISES,Central,PERSONAL CARE,89429.22,83545.34999999999,44725.990000000005,100380.58
2025-05,THAMIZHAN MARKETING,South,HOME CARE,0.0,7307.02,2658.29,23668.37
2025-05,THAMIZHAN MARKETING,South,HOME ESSENTIALS,644.4599999999999,8444.740000000002,1579.86,9363.390000000001
2025-05,THAMIZHAN MARKETING,South,PERSONAL CARE,100731.52000000002,82497.54,21404.13,76145.29
2025-05,THIRUMARAN AGENCIES,North,HOME CARE,9927.27,0.0,21023.75,27018.63
2025-05,THIRUMARAN AGENCIES,North,HOME ESSENTIALS,0.0,3145.44,4978.54,1523.9199999999998
2025-05,THIRUMARAN AGENCIES,North,PERSONAL CARE,97658.84999999999,45495.42999999999,101669.8,85674.0
2025-05,VASANTHAM TRADERS,South,HOME CARE,0.0,9339.57,28939.86,9015.54
2025-05,VASANTHAM TRADERS,South,HOME ESSENTIALS,3791.2999999999997,895.6200000000001,774.36,4133.53
2025-05,VASANTHAM TRADERS,South,PERSONAL CARE,24222.36,40476.99,18974.149999999998,82386.92999999998
2025-05,VELAVAN AGENCIES,North,HOME CARE,0.0,3432.57,15530.1,29355.43
2025-05,VELAVAN AGENCIES,North,HOME ESSENTIALS,-612.5500000000001,2974.95,1082.22,1437.74
2025-05,VELAVAN AGENCIES,North,PERSONAL CARE,47113.18000000001,60695.02,75221.75,48883.78
2025-06,AZHAGIRI SUPPLIERS,South,HOME CARE,0.0,9183.710000000001,25746.37,6956.65
2025-06,AZHAGIRI SUPPLIERS,South,HOME ESSENTIALS,2168.18,2228.61,12463.53,4215.530000000001
2025-06,AZHAGIRI SUPPLIERS,South,PERSONAL CARE,83407.0,71379.07,44121.05,15315.580000000002
2025-06,BHARATHI DISTRIBUTORS,Central,HOME CARE,1910.16,4432.29,0.0,5882.14
2025-06,BHARATHI DISTRIBUTORS,Central,HOME ESSENTIALS,335.39,0.0,9995.660000000002,3930.17
2025-06,BHARATHI DISTRIBUTORS,Central,PERSONAL CARE,60405.05,32190.42,26458.1,37839.079999999994
2025-06,KAMATCHI TRADERS,West,HOME CARE,0.0,0.0,0.0,3657.76
2025-06,KAMATCHI TRADERS,West,HOME ESSENTIALS,2791.67,5330.76,6105.61,3062.2099999999996
2025-06,KAMATCHI TRADERS,West,PERSONAL CARE,55179.47999999999,28861.51,92753.98999999999,110210.31999999999
2025-06,KAVITHA TRADERS,West,HOME CARE,4963.1,70860.8,24185.35,0.0
2025-06,KAVITHA TRADERS,West,HOME ESSENTIALS,3005.1100000000006,2177.9300000000003,3461.8500000000004,1811.29
2025-06,KAVITHA TRADERS,West,PERSONAL CARE,28542.15,44724.6,17389.52,84484.26
2025-06,KURINJI AGENCIES,North,HOME CARE,3507.87,22601.68,2677.93,21302.95
2025-06,KURINJI AGENCIES,North,HOME ESSENTIALS,0.0,6106.610000000001,0.0,2811.53
2025-06,KURINJI AGENCIES,North,PERSONAL CARE,23642.85,33488.57,99465.19999999998,54636.509999999995
2025-06,MULLAI ENTERPRISES,North,HOME CARE,0.0,1412.43,0.0,3219.38
2025-06,MULLAI ENTERPRISES,North,HOME ESSENTIALS,287.68000000000006,172.34,5474.27,3821.76
2025-06,MULLAI ENTERPRISES,North,PERSONAL CARE,57742.2,40042.95,49495.72,60885.21000000001
2025-06,MUTHTHU MARKETING,South,HOME CARE,0.0,7617.06,0.0,4513.93
2025-06,MUTHTHU MARKETING,South,HOME ESSENTIALS,4872.56,86.34999999999991,2710.7799999999997,1654.23
2025-06,MUTHTHU MARKETING,South,PERSONAL CARE,50148.86000000001,86689.38,142260.54,93752.48999999999
2025-06,PANDIYAN DISTRIBUTORS,West,HOME CARE,4695.59,20214.399999999998,4802.03,20039.39
2025-06,PANDIYAN DISTRIBUTORS,West,HOME ESSENTIALS,7910.2300000000005,1672.9099999999999,675.68,9196.08
2025-06,PANDIYAN DISTRIBUTORS,West,PERSONAL CARE,9807.140000000001,104914.9,90974.24999999999,40330.86
2025-06,PONNI WHOLESALE,West,HOME CARE,29319.870000000003,10729.36,3219.37,16059.93
2025-06,PONNI WHOLESALE,West,HOME ESSENTIALS,1467.4,1678.0900000000001,2129.16,1767.69
2025-06,PONNI WHOLESALE,West,PERSONAL CARE,65788.75,71518.73000000001,50309.0,32099.33
2025-06,SELVARAJ AGENCIES,South,HOME CARE,4676.89,13215.78,2223.9,0.0
2025-06,SELVARAJ AGENCIES,South,HOME ESSENTIALS,466.88,2922.05,363.02,7243.93
2025-06,SELVARAJ AGENCIES,South,PERSONAL CARE,88636.16,30961.980000000003,16364.52,47867.0
2025-06,SENTHOOR ENTERPRISES,Central,HOME CARE,0.0,22002.37,7842.6,3041.48
2025-06,SENTHOOR ENTERPRISES,Central,HOME ESSENTIALS,4880.82,2561.33,387.09999999999997,6024.92
2025-06,SENTHOOR ENTERPRISES,Central,PERSONAL CARE,79334.81,37121.630000000005,118493.59999999999,134172.43999999997
2025-06,THAMIZHAN MARKETING,South,HOME CARE,0.0,6328.58,2756.78,0.0
2025-06,THAMIZHAN MARKETING,South,HOME ESSENTIALS,3281.56,3795.0000000000005,3453.4700000000003,3349.8500000000004
2025-06,THAMIZHAN MARKETING,South,PERSONAL CARE,44425.37999999999,44974.63,61602.79,34951.69
2025-06,THIRUMARAN AGENCIES,North,HOME CARE,4173.55,0.0,9119.630000000001,55177.18
2025-06,THIRUMARAN AGENCIES,North,HOME ESSENTIALS,3633.3,1857.6200000000001,686.59,478.13
2025-06,THIRUMARAN AGENCIES,North,PERSONAL CARE,63359.329999999994,120237.29000000001,58123.740000000005,48295.99
2025-06,VASANTHAM TRADERS,South,HOME CARE,3634.71,10014.130000000001,3909.01,0.0
2025-06,VASANTHAM TRADERS,South,HOME ESSENTIALS,12502.52,2465.77,1497.45,2524.15
2025-06,VASANTHAM TRADERS,South,PERSONAL CARE,56056.59999999999,21670.750000000004,35000.92,71427.9
2025-06,VELAVAN AGENCIES,North,HOME CARE,27553.09,0.0,809.52,13406.4
2025-06,VELAVAN AGENCIES,North,HOME ESSENTIALS,4259.77,5878.34,3203.07,120.78
2025-06,VELAVAN AGENCIES,North,PERSONAL CARE,96420.19,13419.67,89279.22,59731.48999999999
2025-07,AZHAGIRI SUPPLIERS,South,HOME CARE,2362.72,0.0,0.0,5137.58
2025-07,AZHAGIRI SUPPLIERS,South,HOME ESSENTIALS,5416.779999999999,2889.94,7110.27,2338.78
2025-07,AZHAGIRI SUPPLIERS,South,PERSONAL CARE,66656.10999999999,32712.86,14223.18,77697.65999999999
2025-07,BHARATHI DISTRIBUTORS,Central,HOME CARE,39067.85,0.0,0.0,0.0
2025-07,BHARATHI DISTRIBUTORS,Central,HOME ESSENTIALS,0.0,2802.0499999999997,388.48,869.41
2025-07,BHARATHI DISTRIBUTORS,Central,PERSONAL CARE,34796.31,50777.88,100856.83,72487.09999999999
2025-07,KAMATCHI TRADERS,West,HOME CARE,0.0,30504.87,0.0,-121.57999999999993
2025-07,KAMATCHI TRADERS,West,HOME ESSENTIALS,4305.9800000000005,613.6300000000001,1002.08,186.18
2025-07,KAMATCHI TRADERS,West,PERSONAL CARE,59499.96000000001,76045.24000000002,61310.43,170133.48
2025-07,KAVITHA TRADERS,West,HOME CARE,2195.77,14522.3,2884.57,17523.739999999998
2025-07,KAVITHA TRADERS,West,HOME ESSENTIALS,2292.2000000000003,7023.5,6940.110000000001,1022.3299999999999
2025-07,KAVITHA TRADERS,West,PERSONAL CARE,14078.000000000002,50948.31,34404.219999999994,75790.60999999999
2025-07,KURINJI AGENCIES,North,HOME CARE,0.0,26343.74,7225.22,3686.2
2025-07,KURINJI AGENCIES,North,HOME ESSENTIALS,3945.4400000000005,853.14,1266.49,2821.46
2025-07,KURINJI AGENCIES,North,PERSONAL CARE,25892.24,73599.92,42680.14,60994.31999999999
2025-07,MULLAI ENTERPRISES,North,HOME CARE,0.0,4587.92,31690.57,7332.030000000001
2025-07,MULLAI ENTERPRISES,North,HOME ESSENTIALS,2841.8199999999997,884.6700000000002,3197.3199999999997,307.2
2025-07,MULLAI ENTERPRISES,North,PERSONAL CARE,52747.01,34361.17,57038.369999999995,117882.04999999999
2025-07,MUTHTHU MARKETING,South,HOME CARE,1237.43,19545.45,30602.63,30652.230000000003
2025-07,MUTHTHU MARKETING,South,HOME ESSENTIALS,2147.6200000000003,229.35,734.67,2651.1
2025-07,MUTHTHU MARKETING,South,PERSONAL CARE,145494.37999999998,29731.61,156274.93,109908.68
2025-07,PANDIYAN DISTRIBUTORS,West,HOME CARE,4449.63,3168.84,1079.5,21484.2
2025-07,PANDIYAN DISTRIBUTORS,West,HOME ESSENTIALS,10383.789999999999,1807.4199999999998,491.08,3381.44
2025-07,PANDIYAN DISTRIBUTORS,West,PERSONAL CARE,27505.26,70306.79999999999,22971.489999999998,53054.96
2025-07,PONNI WHOLESALE,West,HOME CARE,0.0,7889.34,6637.08,1402.2
2025-07,PONNI WHOLESALE,West,HOME ESSENTIALS,295.41,310.86,2768.6800000000003,10750.95
2025-07,PONNI WHOLESALE,West,PERSONAL CARE,63516.47,23480.73,19735.96,40753.27
2025-07,SELVARAJ AGENCIES,South,HOME CARE,5641.44,3828.06,14380.13,1352.98
2025-07,SELVARAJ AGENCIES,South,HOME ESSENTIALS,1055.32,10774.78,884.82,5150.86
2025-07,SELVARAJ AGENCIES,South,PERSONAL CARE,36858.08,52651.57,39297.31999999999,52559.39000000001
2025-07,SENTHOOR ENTERPRISES,Central,HOME CARE,7122.75,-1163.7,14809.610000000002,1847.7
2025-07,SENTHOOR ENTERPRISES,Central,HOME ESSENTIALS,4266.94,3338.02,8998.09,1002.64
2025-07,SENTHOOR ENTERPRISES,Central,PERSONAL CARE,85840.96999999999,121042.6,27570.5,45072.79
2025-07,THAMIZHAN MARKETING,South,HOME CARE,4963.46,8099.34,0.0,20785.16
2025-07,THAMIZHAN MARKETING,South,HOME ESSENTIALS,118.2,5947.94,978.15,8488.04
2025-07,THAMIZHAN MARKETING,South,PERSONAL CARE,15515.800000000001,82161.81,16613.21,69867.17
2025-07,THIRUMARAN AGENCIES,North,HOME CARE,0.0,0.0,64571.94,22872.36
2025-07,THIRUMARAN AGENCIES,North,HOME ESSENTIALS,5043.4800000000005,2469.38,4606.9400000000005,3751.07
2025-07,THIRUMARAN AGENCIES,North,PERSONAL CARE,133272.00999999998,135896.64,37381.93,27844.100000000002
2025-07,VASANTHAM TRADERS,South,HOME CARE,0.0,1542.09,3568.49,20017.030000000002
2025-07,VASANTHAM TRADERS,South,HOME ESSENTIALS,66.84,3268.1899999999996,1985.2900000000002,0.0
2025-07,VASANTHAM TRADERS,South,PERSONAL CARE,35988.950000000004,35829.59999999999,82532.12999999999,52648.030000000006
2025-07,VELAVAN AGENCIES,North,HOME CARE,29270.86,14993.9,3599.58,3569.11
2025-07,VELAVAN AGENCIES,North,HOME ESSENTIALS,1746.3100000000002,84.66,7332.549999999999,16116.8
2025-07,VELAVAN AGENCIES,North,PERSONAL CARE,29381.07,42633.39000000001,93539.73000000001,148234.16999999998
2025-08,AZHAGIRI SUPPLIERS,South,HOME CARE,18213.83,19380.100000000002,1379.58,4136.58
2025-08,AZHAGIRI SUPPLIERS,South,HOME ESSENTIALS,2732.42,755.73,3796.0,3824.2599999999998
2025-08,AZHAGIRI SUPPLIERS,South,PERSONAL CARE,65130.47000000001,36106.689999999995,78030.73,46675.92
2025-08,BHARATHI DISTRIBUTORS,Central,HOME CARE,0.0,6715.06,4147.51,0.0
2025-08,BHARATHI DISTRIBUTORS,Central,HOME ESSENTIALS,4665.84,0.0,4586.41,1547.0
2025-08,BHARATHI DISTRIBUTORS,Central,PERSONAL CARE,10207.34,43061.92,57085.24,92393.25
2025-08,KAMATCHI TRADERS,West,HOME CARE,7207.71,3049.79,16437.77,9194.460000000001
2025-08,KAMATCHI TRADERS,West,HOME ESSENTIALS,3703.11,2682.0,3717.7700000000004,4202.879999999999
2025-08,KAMATCHI TRADERS,West,PERSONAL CARE,13131.29,111170.88,89062.24999999999,128337.71
2025-08,KAVITHA TRADERS,West,HOME CARE,0.0,0.0,9563.9,6004.69
2025-08,KAVITHA TRADERS,West,HOME ESSENTIALS,725.44,526.24,0.0,32543.89
2025-08,KAVITHA TRADERS,West,PERSONAL CARE,73782.26999999999,22941.88,47861.14,80529.16
2025-08,KURINJI AGENCIES,North,HOME CARE,0.0,4506.22,7130.320000000001,3066.54
2025-08,KURINJI AGENCIES,North,HOME ESSENTIALS,1191.62,145.56,2828.94,5842.820000000001
2025-08,KURINJI AGENCIES,North,PERSONAL CARE,22687.56,51044.03999999999,11467.48,122371.23999999999
2025-08,MULLAI ENTERPRISES,North,HOME CARE,0.0,6080.38,34033.03,0.0
2025-08,MULLAI ENTERPRISES,North,HOME ESSENTIALS,2673.9400000000005,4996.21,834.25,1835.8600000000001
2025-08,MULLAI ENTERPRISES,North,PERSONAL CARE,61712.2,19705.64,34750.17,71203.69
2025-08,MUTHTHU MARKETING,South,HOME CARE,19840.73,54071.35,1675.62,26776.11
2025-08,MUTHTHU MARKETING,South,HOME ESSENTIALS,2301.74,1498.09,1293.66,6949.35
2025-08,MUTHTHU MARKETING,South,PERSONAL CARE,157227.64,19961.379999999997,13237.24,40376.869999999995
2025-08,PANDIYAN DISTRIBUTORS,West,HOME CARE,0.0,1747.71,1818.61,5366.86
2025-08,PANDIYAN DISTRIBUTORS,West,HOME ESSENTIALS,2159.25,1595.8700000000001,616.3100000000001,1223.9
2025-08,PANDIYAN DISTRIBUTORS,West,PERSONAL CARE,10038.02,60381.88,121763.56000000001,33959.6
2025-08,PONNI WHOLESALE,West,HOME CARE,11129.55,13220.78,5838.040000000001,10973.21
2025-08,PONNI WHOLESALE,West,HOME ESSENTIALS,1134.94,3098.68,309.62,11866.82
2025-08,PONNI WHOLESALE,West,PERSONAL CARE,120113.62,34833.14,81173.65000000001,91573.08
2025-08,SELVARAJ AGENCIES,South,HOME CARE,3301.42,3205.07,2362.79,51125.3
2025-08,SELVARAJ AGENCIES,South,HOME ESSENTIALS,98.5,4661.13,0.0,1689.98
2025-08,SELVARAJ AGENCIES,South,PERSONAL CARE,67468.66,36568.97,51660.21,58286.17
2025-08,SENTHOOR ENTERPRISES,Central,HOME CARE,4008.8,0.0,0.0,6119.96
2025-08,SENTHOOR ENTERPRISES,Central,HOME ESSENTIALS,1026.02,1862.87,3087.1,4875.18
2025-08,SENTHOOR ENTERPRISES,Central,PERSONAL CARE,78860.81000000001,94765.90000000001,118362.02,136082.75999999998
2025-08,THAMIZHAN MARKETING,South,HOME CARE,4804.66,1335.77,13076.89,8366.34
2025-08,THAMIZHAN MARKETING,South,HOME ESSENTIALS,3765.21,4373.370000000001,2925.18,21098.090000000004
2025-08,THAMIZHAN MARKETING,South,PERSONAL CARE,2749.46,98928.96,148752.72,104269.35
2025-08,THIRUMARAN AGENCIES,North,HOME CARE,0.0,0.0,0.0,31549.99
2025-08,THIRUMARAN AGENCIES,North,HOME ESSENTIALS,13874.470000000001,609.86,2664.49,7717.9
2025-08,THIRUMARAN AGENCIES,North,PERSONAL CARE,39198.48,20290.329999999998,76823.58,112072.71
2025-08,VASANTHAM TRADERS,South,HOME CARE,7826.75,1339.32,2622.1,3219.23
2025-08,VASANTHAM TRADERS,South,HOME ESSENTIALS,258.82,0.0,696.2,1475.9299999999998
2025-08,VASANTHAM TRADERS,South,PERSONAL CARE,36557.1,78982.01999999999,72278.34,30810.78
2025-08,VELAVAN AGENCIES,North,HOME CARE,0.0,3316.14,23441.059999999998,32827.549999999996
2025-08,VELAVAN AGENCIES,North,HOME ESSENTIALS,1724.6799999999998,897.98,1358.16,4506.86
2025-08,VELAVAN AGENCIES,North,PERSONAL CARE,165954.29,53305.16,148719.72000000003,119118.42
2025-09,AZHAGIRI SUPPLIERS,South,HOME CARE,8242.74,7746.34,-124.45000000000027,32874.01
2025-09,AZHAGIRI SUPPLIERS,South,HOME ESSENTIALS,4652.63,671.0,3698.59,11072.89
2025-09,AZHAGIRI SUPPLIERS,South,PERSONAL CARE,85212.55,54422.63,36432.59,93195.16000000002
2025-09,BHARATHI DISTRIBUTORS,Central,HOME CARE,0.0,0.0,24950.93,0.0
2025-09,BHARATHI DISTRIBUTORS,Central,HOME ESSENTIALS,126.32,3480.3500000000004,524.8,996.55
2025-09,BHARATHI DISTRIBUTORS,Central,PERSONAL CARE,23617.71,14143.36,60709.979999999996,87133.84000000001
2025-09,KAMATCHI TRADERS,West,HOME CARE,22823.53,4112.53,0.0,0.0
2025-09,KAMATCHI TRADERS,West,HOME ESSENTIALS,3879.11,2522.9,2661.16,1212.04
2025-09,KAMATCHI TRADERS,West,PERSONAL CARE,95869.93,79093.10999999999,93122.20999999999,84126.56
2025-09,KAVITHA TRADERS,West,HOME CARE,2968.04,0.0,0.0,4259.08
2025-09,KAVITHA TRADERS,West,HOME ESSENTIALS,2952.62,1855.55,1443.21,2198.21
2025-09,KAVITHA TRADERS,West,PERSONAL CARE,84747.38,43753.7,21867.3,55836.68
2025-09,KURINJI AGENCIES,North,HOME CARE,7167.72,0.0,3203.9,1655.44
2025-09,KURINJI AGENCIES,North,HOME ESSENTIALS,0.0,12874.86,1052.45,8021.4
2025-09,KURINJI AGENCIES,North,PERSONAL CARE,36062.21,49311.38,41236.909999999996,81163.78
2025-09,MULLAI ENTERPRISES,North,HOME CARE,1585.9,2177.37,4598.05,11476.08
2025-09,MULLAI ENTERPRISES,North,HOME ESSENTIALS,6026.81,321.83,0.0,12210.39
2025-09,MULLAI ENTERPRISES,North,PERSONAL CARE,53129.490000000005,36281.56,60137.56,99940.59
2025-09,MUTHTHU MARKETING,South,HOME CARE,1198.59,9155.73,8931.71,0.0
2025-09,MUTHTHU MARKETING,South,HOME ESSENTIALS,12611.72,2922.66,4093.04,7978.69
2025-09,MUTHTHU MARKETING,South,PERSONAL CARE,35066.880000000005,85979.65,121596.01,34068.95
2025-09,PANDIYAN DISTRIBUTORS,West,HOME CARE,0.0,10628.060000000001,49834.549999999996,14218.72
2025-09,PANDIYAN DISTRIBUTORS,West,HOME ESSENTIALS,1155.45,5986.03,2951.05,7162.26
2025-09,PANDIYAN DISTRIBUTORS,West,PERSONAL CARE,36841.72,119080.43,54485.79,43998.869999999995
2025-09,PONNI WHOLESALE,West,HOME CARE,0.0,5035.719999999999,4356.610000000001,3775.22
2025-09,PONNI WHOLESALE,West,HOME ESSENTIALS,5608.0199999999995,1618.1399999999999,1136.28,11055.32
2025-09,PONNI WHOLESALE,West,PERSONAL CARE,94597.15999999999,54156.119999999995,75794.06000000001,32063.340000000004
2025-09,SELVARAJ AGENCIES,South,HOME CARE,0.0,0.0,8378.92,3931.79
2025-09,SELVARAJ AGENCIES,South,HOME ESSENTIALS,0.0,907.92,376.1,8875.02
2025-09,SELVARAJ AGENCIES,South,PERSONAL CARE,20614.04,61881.02,89677.96,79927.60999999999
2025-09,SENTHOOR ENTERPRISES,Central,HOME CARE,4888.3,0.0,0.0,54045.479999999996
2025-09,SENTHOOR ENTERPRISES,Central,HOME ESSENTIALS,707.0,6227.12,3532.34,1253.69
2025-09,SENTHOOR ENTERPRISES,Central,PERSONAL CARE,48648.880000000005,78598.01,28113.2,127995.78
2025-09,THAMIZHAN MARKETING,South,HOME CARE,5132.95,3105.15,5783.9,25078.420000000002
2025-09,THAMIZHAN MARKETING,South,HOME ESSENTIALS,539.88,7609.780000000001,9724.07,6255.79
2025-09,THAMIZHAN MARKETING,South,PERSONAL CARE,59681.729999999996,23738.28,15973.769999999999,68800.3
2025-09,THIRUMARAN AGENCIES,North,HOME CARE,19508.07,30985.620000000003,7881.35,13593.679999999998
2025-09,THIRUMARAN AGENCIES,North,HOME ESSENTIALS,10682.029999999999,1123.89,1719.32,2687.4900000000002
2025-09,THIRUMARAN AGENCIES,North,PERSONAL CARE,75820.26,66925.59000000001,12171.49,83395.52
2025-09,VASANTHAM TRADERS,South,HOME CARE,36059.31,6006.65,8105.040000000001,0.0
2025-09,VASANTHAM TRADERS,South,HOME ESSENTIALS,-483.04,0.0,513.11,3426.95
2025-09,VASANTHAM TRADERS,South,PERSONAL CARE,27738.11,8534.96,63032.17,29847.170000000002
2025-09,VELAVAN AGENCIES,North,HOME CARE,1903.69,0.0,0.0,3220.0
2025-09,VELAVAN AGENCIES,North,HOME ESSENTIALS,677.7,5038.21,4173.82,12175.15
2025-09,VELAVAN AGENCIES,North,PERSONAL CARE,30094.09,75188.87000000001,39317.909999999996,107015.01000000001
2025-10,AZHAGIRI SUPPLIERS,South,HOME CARE,0.0,0.0,818.19,55917.130000000005
2025-10,AZHAGIRI SUPPLIERS,South,HOME ESSENTIALS,1274.73,985.34,222.92000000000002,12172.63
2025-10,AZHAGIRI SUPPLIERS,South,PERSONAL CARE,92511.42,49992.729999999996,47090.89,79364.68
2025-10,BHARATHI DISTRIBUTORS,Central,HOME CARE,2772.5,0.0,0.0,0.0
2025-10,BHARATHI DISTRIBUTORS,Central,HOME ESSENTIALS,421.58,1486.3899999999999,561.6,4098.46
2025-10,BHARATHI DISTRIBUTORS,Central,PERSONAL CARE,62078.939999999995,22688.339999999997,124368.95999999999,76997.38
2025-10,KAMATCHI TRADERS,West,HOME CARE,9135.49,16771.83,12701.27,4922.08
2025-10,KAMATCHI TRADERS,West,HOME ESSENTIALS,2635.22,11597.759999999998,2107.04,1099.1100000000001
2025-10,KAMATCHI TRADERS,West,PERSONAL CARE,94392.90000000002,111009.76999999999,14543.230000000001,117655.16999999998
2025-10,KAVITHA TRADERS,West,HOME CARE,541.5700000000002,31396.88,23317.510000000002,4864.75
2025-10,KAVITHA TRADERS,West,HOME ESSENTIALS,2963.21,0.0,3870.91,9882.76
2025-10,KAVITHA TRADERS,West,PERSONAL CARE,69885.43,77727.64,39830.57,199424.22999999998
2025-10,KURINJI AGENCIES,North,HOME CARE,27631.72,30120.33,0.0,-526.1399999999994
2025-10,KURINJI AGENCIES,North,HOME ESSENTIALS,6938.73,13104.470000000001,1081.83,3656.36
2025-10,KURINJI AGENCIES,North,PERSONAL CARE,31411.600000000002,40531.03,13341.98,88326.47000000002
2025-10,MULLAI ENTERPRISES,North,HOME CARE,0.0,42974.97,1332.04,0.0
2025-10,MULLAI ENTERPRISES,North,HOME ESSENTIALS,2970.04,7560.63,9168.39,15065.369999999999
2025-10,MULLAI ENTERPRISES,North,PERSONAL CARE,87465.09,4166.3,45087.68,44167.770000000004
2025-10,MUTHTHU MARKETING,South,HOME CARE,18931.75,7007.37,0.0,1807.12
2025-10,MUTHTHU MARKETING,South,HOME ESSENTIALS,3144.8599999999997,5795.32,5799.549999999999,8280.44
2025-10,MUTHTHU MARKETING,South,PERSONAL CARE,89723.98,118245.81000000001,68686.39,171942.72999999998
2025-10,PANDIYAN DISTRIBUTORS,West,HOME CARE,0.0,28540.52,9413.87,45531.340000000004
2025-10,PANDIYAN DISTRIBUTORS,West,HOME ESSENTIALS,1661.27,2507.6800000000003,764.9399999999999,8390.93
2025-10,PANDIYAN DISTRIBUTORS,West,PERSONAL CARE,18850.790000000005,50393.78999999999,81679.37000000001,75565.0
2025-10,PONNI WHOLESALE,West,HOME CARE,6689.06,17624.48,2398.3,6368.33
2025-10,PONNI WHOLESALE,West,HOME ESSENTIALS,11777.52,852.75,4746.69,2546.34
2025-10,PONNI WHOLESALE,West,PERSONAL CARE,54104.45000000001,53775.850000000006,72923.95000000001,53507.14000000001
2025-10,SELVARAJ AGENCIES,South,HOME CARE,19340.620000000003,0.0,29310.510000000002,0.0
2025-10,SELVARAJ AGENCIES,South,HOME ESSENTIALS,4193.7,7588.7300000000005,1826.59,1189.94
2025-10,SELVARAJ AGENCIES,South,PERSONAL CARE,99670.45999999999,54094.44,12104.169999999998,35601.01
2025-10,SENTHOOR ENTERPRISES,Central,HOME CARE,17463.940000000002,3779.86,26458.649999999998,2247.07
2025-10,SENTHOOR ENTERPRISES,Central,HOME ESSENTIALS,1403.38,12859.7,12343.88,1773.31
2025-10,SENTHOOR ENTERPRISES,Central,PERSONAL CARE,50491.78999999999,89350.54,123923.68,113651.28000000003
2025-10,THAMIZHAN MARKETING,South,HOME CARE,0.0,21232.0,33221.04,0.0
2025-10,THAMIZHAN MARKETING,South,HOME ESSENTIALS,12452.48,0.0,3324.6499999999996,13396.63
2025-10,THAMIZHAN MARKETING,South,PERSONAL CARE,30704.52,104181.42,45186.490000000005,52955.21
2025-10,THIRUMARAN AGENCIES,North,HOME CARE,0.0,24644.4,0.0,2368.33
2025-10,THIRUMARAN AGENCIES,North,HOME ESSENTIALS,-219.94,2379.44,4282.43,1014.51
2025-10,THIRUMARAN AGENCIES,North,PERSONAL CARE,69407.1,44495.189999999995,114643.31000000001,163060.67
2025-10,VASANTHAM TRADERS,South,HOME CARE,1003.66,0.0,4186.43,0.0
2025-10,VASANTHAM TRADERS,South,HOME ESSENTIALS,3756.2999999999997,1913.19,1574.83,1952.8
2025-10,VASANTHAM TRADERS,South,PERSONAL CARE,41227.479999999996,37554.03,17186.67,31957.349999999995
2025-10,VELAVAN AGENCIES,North,HOME CARE,7239.96,8637.84,0.0,1387.73
2025-10,VELAVAN AGENCIES,North,HOME ESSENTIALS,1283.58,10394.15,173.16,7866.5
2025-10,VELAVAN AGENCIES,North,PERSONAL CARE,57768.490000000005,106517.20999999999,36509.10999999999,144006.50999999998
2025-11,AZHAGIRI SUPPLIERS,South,HOME CARE,25570.37,9717.16,15854.7,19513.17
2025-11,AZHAGIRI SUPPLIERS,South,HOME ESSENTIALS,7129.040000000001,2239.7200000000003,1827.6,3417.46
2025-11,AZHAGIRI SUPPLIERS,South,PERSONAL CARE,32375.28,35862.31,104385.63,50978.340000000004
2025-11,BHARATHI DISTRIBUTORS,Central,HOME CARE,0.0,0.0,0.0,24063.81
2025-11,BHARATHI DISTRIBUTORS,Central,HOME ESSENTIALS,1461.44,4307.9,3290.67,721.43
2025-11,BHARATHI DISTRIBUTORS,Central,PERSONAL CARE,58870.34,10557.6,87946.64,27030.230000000003
2025-11,KAMATCHI TRADERS,West,HOME CARE,15937.22,59246.65,35849.369999999995,21785.899999999998
2025-11,KAMATCHI TRADERS,West,HOME ESSENTIALS,4128.11,2012.1,10747.94,11201.16
2025-11,KAMATCHI TRADERS,West,PERSONAL CARE,82555.09999999999,107455.13,37252.82,113467.32999999999
2025-11,KAVITHA TRADERS,West,HOME CARE,0.0,0.0,0.0,30089.56
2025-11,KAVITHA TRADERS,West,HOME ESSENTIALS,2039.9899999999998,725.96,3977.6800000000003,9255.439999999999
2025-11,KAVITHA TRADERS,West,PERSONAL CARE,34994.16,83791.06,76470.76999999999,60095.05
2025-11,KURINJI AGENCIES,North,HOME CARE,0.0,16471.45,28906.39,24446.66
2025-11,KURINJI AGENCIES,North,HOME ESSENTIALS,2644.4399999999996,2102.59,1912.2600000000002,9785.34
2025-11,KURINJI AGENCIES,North,PERSONAL CARE,56643.16,86156.05,64857.80999999999,77925.16000000002
2025-11,MULLAI ENTERPRISES,North,HOME CARE,4047.99,0.0,2108.32,47986.229999999996
2025-11,MULLAI ENTERPRISES,North,HOME ESSENTIALS,294.36,1924.54,967.54,162.79
2025-11,MULLAI ENTERPRISES,North,PERSONAL CARE,61800.439999999995,21472.63,36325.969999999994,39896.92
2025-11,MUTHTHU MARKETING,South,HOME CARE,36184.68,32375.85,2376.4,22318.56
2025-11,MUTHTHU MARKETING,South,HOME ESSENTIALS,4585.59,3942.48,1141.88,8688.36
2025-11,MUTHTHU MARKETING,South,PERSONAL CARE,45237.17999999999,149843.43000000002,120268.40000000002,75715.38
2025-11,PANDIYAN DISTRIBUTORS,West,HOME CARE,5123.05,17649.489999999998,0.0,21767.21
2025-11,PANDIYAN DISTRIBUTORS,West,HOME ESSENTIALS,5127.95,6951.040000000001,9918.26,1990.8100000000002
2025-11,PANDIYAN DISTRIBUTORS,West,PERSONAL CARE,78450.56999999999,89809.70999999999,14133.71,49334.25
2025-11,PONNI WHOLESALE,West,HOME CARE,0.0,28596.48,2439.37,0.0
2025-11,PONNI WHOLESALE,West,HOME ESSENTIALS,822.2,6551.9,4697.13,12270.1
2025-11,PONNI WHOLESALE,West,PERSONAL CARE,136619.25,42406.32,38035.92,114407.76
2025-11,SELVARAJ AGENCIES,South,HOME CARE,47823.810000000005,2498.5,0.0,3214.47
2025-11,SELVARAJ AGENCIES,South,HOME ESSENTIALS,0.0,909.26,173.98000000000002,1402.92
2025-11,SELVARAJ AGENCIES,South,PERSONAL CARE,28133.300000000003,42404.850000000006,23508.68,47178.17
2025-11,SENTHOOR ENTERPRISES,Central,HOME CARE,34025.59,12433.14,25952.479999999996,0.0
2025-11,SENTHOOR ENTERPRISES,Central,HOME ESSENTIALS,2887.33,885.03,1699.02,162.66
2025-11,SENTHOOR ENTERPRISES,Central,PERSONAL CARE,84949.03,121969.50999999998,81724.65,118503.62
2025-11,THAMIZHAN MARKETING,South,HOME CARE,0.0,0.0,0.0,20654.1
2025-11,THAMIZHAN MARKETING,South,HOME ESSENTIALS,1299.63,1703.01,4024.17,4723.67
2025-11,THAMIZHAN MARKETING,South,PERSONAL CARE,83062.02,65638.42,26441.41,80418.85
2025-11,THIRUMARAN AGENCIES,North,HOME CARE,28996.23,0.0,7995.24,12544.59
2025-11,THIRUMARAN AGENCIES,North,HOME ESSENTIALS,4849.830000000001,4083.84,2890.68,955.4000000000001
2025-11,THIRUMARAN AGENCIES,North,PERSONAL CARE,35793.35,154384.72000000003,27227.709999999995,34081.049999999996
2025-11,VASANTHAM TRADERS,South,HOME CARE,5928.52,0.0,4512.76,23418.210000000003
2025-11,VASANTHAM TRADERS,South,HOME ESSENTIALS,2206.35,437.11,7276.299999999999,7676.740000000001
2025-11,VASANTHAM TRADERS,South,PERSONAL CARE,35698.93,17133.43,102993.28,78193.70000000001
2025-11,VELAVAN AGENCIES,North,HOME CARE,2171.17,6201.54,26544.76,0.0
2025-11,VELAVAN AGENCIES,North,HOME ESSENTIALS,2742.96,1745.92,2725.07,7485.259999999999
2025-11,VELAVAN AGENCIES,North,PERSONAL CARE,162500.13,85354.71,70372.06999999999,111476.81
2025-12,AZHAGIRI SUPPLIERS,South,HOME CARE,23405.84,5798.96,22350.53,12661.48
2025-12,AZHAGIRI SUPPLIERS,South,HOME ESSENTIALS,0.0,2242.16,538.5,0.0
2025-12,AZHAGIRI SUPPLIERS,South,PERSONAL CARE,93087.43000000001,84247.09999999999,57438.509999999995,72970.87
2025-12,BHARATHI DISTRIBUTORS,Central,HOME CARE,1572.67,8263.51,18966.98,2864.18
2025-12,BHARATHI DISTRIBUTORS,Central,HOME ESSENTIALS,910.53,21115.17,1189.85,5304.35
2025-12,BHARATHI DISTRIBUTORS,Central,PERSONAL CARE,81185.66,95953.78,44551.11,27975.260000000002
2025-12,KAMATCHI TRADERS,West,HOME CARE,6256.81,0.0,0.0,32679.39
2025-12,KAMATCHI TRADERS,West,HOME ESSENTIALS,453.02,8477.310000000001,2414.46,4895.63
2025-12,KAMATCHI TRADERS,West,PERSONAL CARE,34879.92,47778.62,59380.56999999999,190606.27
2025-12,KAVITHA TRADERS,West,HOME CARE,1714.38,0.0,6209.8,5814.51
2025-12,KAVITHA TRADERS,West,HOME ESSENTIALS,11538.130000000001,15120.08,1858.12,1239.5100000000002
2025-12,KAVITHA TRADERS,West,PERSONAL CARE,61226.189999999995,76769.91,110574.34000000003,37938.09
2025-12,KURINJI AGENCIES,North,HOME CARE,31861.76,3949.56,1892.92,46451.81
2025-12,KURINJI AGENCIES,North,HOME ESSENTIALS,286.25,844.33,3937.74,5884.93
2025-12,KURINJI AGENCIES,North,PERSONAL CARE,12488.48,74717.48,24499.519999999997,40226.58
2025-12,MULLAI ENTERPRISES,North,HOME CARE,17235.05,0.0,0.0,10334.35
2025-12,MULLAI ENTERPRISES,North,HOME ESSENTIALS,2375.98,165.17,2840.6400000000003,14063.18
2025-12,MULLAI ENTERPRISES,North,PERSONAL CARE,45807.0,56285.22,34625.840000000004,38425.29
2025-12,MUTHTHU MARKETING,South,HOME CARE,5012.09,0.0,20697.47,27911.27
2025-12,MUTHTHU MARKETING,South,HOME ESSENTIALS,4794.78,3951.05,7150.46,12392.600000000002
2025-12,MUTHTHU MARKETING,South,PERSONAL CARE,31481.23,78692.40000000001,83780.62,188354.74000000002
2025-12,PANDIYAN DISTRIBUTORS,West,HOME CARE,2378.7,3525.01,9006.89,10081.53
2025-12,PANDIYAN DISTRIBUTORS,West,HOME ESSENTIALS,3626.54,1169.8400000000001,6275.76,3076.93
2025-12,PANDIYAN DISTRIBUTORS,West,PERSONAL CARE,82014.45999999999,43007.0,32017.31,38757.07000000001
2025-12,PONNI WHOLESALE,West,HOME CARE,0.0,41334.11,33934.69,12511.18
2025-12,PONNI WHOLESALE,West,HOME ESSENTIALS,1401.9299999999998,11085.779999999999,1521.4099999999999,1919.63
2025-12,PONNI WHOLESALE,West,PERSONAL CARE,57944.76,94209.72999999998,61350.590000000004,109762.94
2025-12,SELVARAJ AGENCIES,South,HOME CARE,6563.81,0.0,0.0,0.0
2025-12,SELVARAJ AGENCIES,South,HOME ESSENTIALS,299.89,0.0,326.14,3294.06
2025-12,SELVARAJ AGENCIES,South,PERSONAL CARE,97402.88,16254.71,43316.939999999995,81704.15
2025-12,SENTHOOR ENTERPRISES,Central,HOME CARE,9459.25,8896.62,16193.1,15019.419999999998
2025-12,SENTHOOR ENTERPRISES,Central,HOME ESSENTIALS,2412.42,8131.6900000000005,2078.8199999999997,3542.9
2025-12,SENTHOOR ENTERPRISES,Central,PERSONAL CARE,111160.66,74011.37999999999,60560.36,150192.0
2025-12,THAMIZHAN MARKETING,South,HOME CARE,1309.3100000000002,3889.62,6945.24,23783.010000000002
2025-12,THAMIZHAN MARKETING,South,HOME ESSENTIALS,3385.08,1883.55,8703.560000000001,2442.72
2025-12,THAMIZHAN MARKETING,South,PERSONAL CARE,67444.61000000002,80445.67,16221.91,37671.96
2025-12,THIRUMARAN AGENCIES,North,HOME ESSENTIALS,12064.7,5462.74,0.0,560.14
2025-12,THIRUMARAN AGENCIES,North,PERSONAL CARE,42725.2,70046.89000000001,144206.08,35164.729999999996
2025-12,VASANTHAM TRADERS,South,HOME CARE,20006.6,6160.78,1016.68,0.0
2025-12,VASANTHAM TRADERS,South,HOME ESSENTIALS,4405.65,2899.05,2271.87,19401.38
2025-12,VASANTHAM TRADERS,South,PERSONAL CARE,51521.72,44657.74,19840.829999999994,36435.11
2025-12,VELAVAN AGENCIES,North,HOME CARE,0.0,31815.800000000003,16442.0,67524.23
2025-12,VELAVAN AGENCIES,North,HOME ESSENTIALS,5732.210000000001,1334.8200000000002,4968.34,1784.63
2025-12,VELAVAN AGENCIES,North,PERSONAL CARE,121643.69,125589.54999999999,75390.7,71424.48000000001
